"STATION","NAME","DATE","AWND","PRCP","SNOW","SNWD","TAVG"
"USW00094846","CHICAGO OHARE INTERNATIONAL AIRPORT, IL US","2014-01-21","14.09","0.07","2.5","5.9","10"
"USW00094846","CHICAGO OHARE INTERNATIONAL AIRPORT, IL US","2014-01-22","12.30","0.00","0.6","5.1","6"
"USW00094846","CHICAGO OHARE INTERNATIONAL AIRPORT, IL US","2014-01-23","14.32","0.00","0.0","5.1","3"
"USW00094846","CHICAGO OHARE INTERNATIONAL AIRPORT, IL US","2014-01-24","20.13","0.02","0.4","3.9","5"
"USW00094846","CHICAGO OHARE INTERNATIONAL AIRPORT, IL US","2014-01-25","17.90","0.00","0.0","3.9","23"
"USW00094846","CHICAGO OHARE INTERNATIONAL AIRPORT, IL US","2014-01-26","16.11","0.17","2.4","5.1","15"
"USW00094846","CHICAGO OHARE INTERNATIONAL AIRPORT, IL US","2014-01-27","16.11","0.00","0.0","3.9","5"
"USW00094846","CHICAGO OHARE INTERNATIONAL AIRPORT, IL US","2014-01-28","11.86","0.00","0.0","3.1","-5"
"USW00094846","CHICAGO OHARE INTERNATIONAL AIRPORT, IL US","2014-01-29","12.97","0.00","0.0","3.1","8"
"USW00094846","CHICAGO OHARE INTERNATIONAL AIRPORT, IL US","2014-01-30","18.12","0.00","0.4","3.1","24"
"USW00094846","CHICAGO OHARE INTERNATIONAL AIRPORT, IL US","2014-01-31","5.59","0.01","0.2","3.1","24"
"USW00094846","CHICAGO OHARE INTERNATIONAL AIRPORT, IL US","2014-02-01","6.93","0.43","3.8","3.9","25"
"USW00094846","CHICAGO OHARE INTERNATIONAL AIRPORT, IL US","2014-02-02","7.83","0.00","0.0","5.9","19"
"USW00094846","CHICAGO OHARE INTERNATIONAL AIRPORT, IL US","2014-02-03","3.80","0.00","0.0","5.9","8"
"USW00094846","CHICAGO OHARE INTERNATIONAL AIRPORT, IL US","2014-02-04","6.93","0.08","1.3","5.9","15"
"USW00094846","CHICAGO OHARE INTERNATIONAL AIRPORT, IL US","2014-02-05","13.20","0.35","5.7","9.8","23"
"USW00094846","CHICAGO OHARE INTERNATIONAL AIRPORT, IL US","2014-02-06","12.30","0.00","0.0","11.8","7"
"USW00094846","CHICAGO OHARE INTERNATIONAL AIRPORT, IL US","2014-02-07","10.51","0.00","0.0","11.0","2"
"USW00094846","CHICAGO OHARE INTERNATIONAL AIRPORT, IL US","2014-02-08","4.92","0.07","2.5","11.0","10"
"USW00094846","CHICAGO OHARE INTERNATIONAL AIRPORT, IL US","2014-02-09","9.40","0.00","0.0","13.0","14"
"USW00094846","CHICAGO OHARE INTERNATIONAL AIRPORT, IL US","2014-02-10","8.95","0.00","0.0","13.0","6"
"USW00094846","CHICAGO OHARE INTERNATIONAL AIRPORT, IL US","2014-02-11","5.82","0.00","0.0","11.8","4"
"USW00094846","CHICAGO OHARE INTERNATIONAL AIRPORT, IL US","2014-02-12","6.49","0.00","0.0","11.8","8"
"USW00094846","CHICAGO OHARE INTERNATIONAL AIRPORT, IL US","2014-02-13","11.41","0.00","0.1","11.0","22"
"USW00094846","CHICAGO OHARE INTERNATIONAL AIRPORT, IL US","2014-02-14","9.84","0.00","0.0","9.1","20"
"USW00094846","CHICAGO OHARE INTERNATIONAL AIRPORT, IL US","2014-02-15","7.38","0.04","0.7","9.1","15"
"USW00094846","CHICAGO OHARE INTERNATIONAL AIRPORT, IL US","2014-02-16","10.51","0.00","0.0","9.8","20"
"USW00094846","CHICAGO OHARE INTERNATIONAL AIRPORT, IL US","2014-02-17","14.54","0.35","5.0","9.1","24"
"USW00094846","CHICAGO OHARE INTERNATIONAL AIRPORT, IL US","2014-02-18","12.30","0.00","0.0","14.2","31"
"USW00094846","CHICAGO OHARE INTERNATIONAL AIRPORT, IL US","2014-02-19","7.38","0.00","0.0","7.1","38"
"USW00094846","CHICAGO OHARE INTERNATIONAL AIRPORT, IL US","2014-02-20","13.87","1.16","0.1","5.9","36"
"USW00094846","CHICAGO OHARE INTERNATIONAL AIRPORT, IL US","2014-02-21","23.26","0.00","0.3","3.9","34"
"USW00094846","CHICAGO OHARE INTERNATIONAL AIRPORT, IL US","2014-02-22","11.63","0.00","0.0","3.1","28"
"USW00094846","CHICAGO OHARE INTERNATIONAL AIRPORT, IL US","2014-02-23","12.75","0.00","0.0","3.1","23"
"USW00094846","CHICAGO OHARE INTERNATIONAL AIRPORT, IL US","2014-02-24","12.30","0.00","0.0","2.0","18"
"USW00094846","CHICAGO OHARE INTERNATIONAL AIRPORT, IL US","2014-02-25","12.97","0.00","0.0","2.0","18"
"USW00094846","CHICAGO OHARE INTERNATIONAL AIRPORT, IL US","2014-02-26","15.43","0.00","0.0","2.0","8"
"USW00094846","CHICAGO OHARE INTERNATIONAL AIRPORT, IL US","2014-02-27","11.86","0.00","0.0","2.0","11"
"USW00094846","CHICAGO OHARE INTERNATIONAL AIRPORT, IL US","2014-02-28","9.17","0.00","0.0","2.0","12"
"USW00094846","CHICAGO OHARE INTERNATIONAL AIRPORT, IL US","2014-03-01","9.40","0.29","3.7","3.1","25"
"USW00094846","CHICAGO OHARE INTERNATIONAL AIRPORT, IL US","2014-03-02","11.18","0.09","1.4","5.9","11"
"USW00094846","CHICAGO OHARE INTERNATIONAL AIRPORT, IL US","2014-03-03","4.92","0.00","0.0","5.9","7"
"USW00094846","CHICAGO OHARE INTERNATIONAL AIRPORT, IL US","2014-03-04","6.04","0.00","0.1","5.1","16"
"USW00094846","CHICAGO OHARE INTERNATIONAL AIRPORT, IL US","2014-03-05","12.08","0.15","1.7","5.1","21"
"USW00094846","CHICAGO OHARE INTERNATIONAL AIRPORT, IL US","2014-03-06","6.71","0.00","0.0","5.9","22"
"USW00094846","CHICAGO OHARE INTERNATIONAL AIRPORT, IL US","2014-03-07","7.61","0.00","0.0","5.1","29"
"USW00094846","CHICAGO OHARE INTERNATIONAL AIRPORT, IL US","2014-03-08","10.51","0.02","0.3","2.0","33"
"USW00094846","CHICAGO OHARE INTERNATIONAL AIRPORT, IL US","2014-03-09","12.30","0.00","0.0","2.0","27"
"USW00094846","CHICAGO OHARE INTERNATIONAL AIRPORT, IL US","2014-03-10","11.41","0.00","0.0","1.2","44"
"USW00094846","CHICAGO OHARE INTERNATIONAL AIRPORT, IL US","2014-03-11","9.17","0.14","0.4","0.0","44"
"USW00094846","CHICAGO OHARE INTERNATIONAL AIRPORT, IL US","2014-03-12","15.21","0.48","3.2","3.1","31"
"USW00094846","CHICAGO OHARE INTERNATIONAL AIRPORT, IL US","2014-03-13","10.74","0.00","0.0","3.1","22"
"USW00094846","CHICAGO OHARE INTERNATIONAL AIRPORT, IL US","2014-03-14","17.90","0.00","0.0","2.0","43"
"USW00094846","CHICAGO OHARE INTERNATIONAL AIRPORT, IL US","2014-03-15","10.29","0.00","0.2","0.0","37"
"USW00094846","CHICAGO OHARE INTERNATIONAL AIRPORT, IL US","2014-03-16","17.90","0.00","0.0","0.0","24"
"USW00094846","CHICAGO OHARE INTERNATIONAL AIRPORT, IL US","2014-03-17","8.28","0.00","0.0","0.0","26"
"USW00094846","CHICAGO OHARE INTERNATIONAL AIRPORT, IL US","2014-03-18","11.41","0.00","0.0","0.0","37"
"USW00094846","CHICAGO OHARE INTERNATIONAL AIRPORT, IL US","2014-03-19","12.75","0.19","0.0","0.0","44"
"USW00094846","CHICAGO OHARE INTERNATIONAL AIRPORT, IL US","2014-03-20","7.61","0.04","0.7","0.0","37"
"USW00094846","CHICAGO OHARE INTERNATIONAL AIRPORT, IL US","2014-03-21","11.41","0.00","0.0","0.0","41"
"USW00094846","CHICAGO OHARE INTERNATIONAL AIRPORT, IL US","2014-03-22","13.42","0.00","0.0","0.0","42"
"USW00094846","CHICAGO OHARE INTERNATIONAL AIRPORT, IL US","2014-03-23","9.84","0.00","0.0","0.0","27"
"USW00094846","CHICAGO OHARE INTERNATIONAL AIRPORT, IL US","2014-03-24","7.38","0.00","0.0","0.0","26"
"USW00094846","CHICAGO OHARE INTERNATIONAL AIRPORT, IL US","2014-03-25","13.20","0.05","0.6","1.2","27"
"USW00094846","CHICAGO OHARE INTERNATIONAL AIRPORT, IL US","2014-03-26","10.51","0.00","0.0","0.0","26"
"USW00094846","CHICAGO OHARE INTERNATIONAL AIRPORT, IL US","2014-03-27","17.45","0.20","0.0","0.0","39"
"USW00094846","CHICAGO OHARE INTERNATIONAL AIRPORT, IL US","2014-03-28","11.86","0.06","0.0","0.0","44"
"USW00094846","CHICAGO OHARE INTERNATIONAL AIRPORT, IL US","2014-03-29","10.07","0.00","0.0","0.0","36"
"USW00094846","CHICAGO OHARE INTERNATIONAL AIRPORT, IL US","2014-03-30","6.04","0.00","0.0","0.0","38"
"USW00094846","CHICAGO OHARE INTERNATIONAL AIRPORT, IL US","2014-03-31","17.22","0.00","0.0","0.0","52"
"USW00094846","CHICAGO OHARE INTERNATIONAL AIRPORT, IL US","2014-04-01","18.79","0.00","0.0","0.0","46"
"USW00094846","CHICAGO OHARE INTERNATIONAL AIRPORT, IL US","2014-04-02","10.29","0.00","0.0","0.0","41"
"USW00094846","CHICAGO OHARE INTERNATIONAL AIRPORT, IL US","2014-04-03","13.65","0.53","0.0","0.0","38"
"USW00094846","CHICAGO OHARE INTERNATIONAL AIRPORT, IL US","2014-04-04","16.55","0.00","0.0","0.0","40"
"USW00094846","CHICAGO OHARE INTERNATIONAL AIRPORT, IL US","2014-04-05","5.82","0.00","0.0","0.0","40"
"USW00094846","CHICAGO OHARE INTERNATIONAL AIRPORT, IL US","2014-04-06","6.49","0.00","0.0","0.0","42"
"USW00094846","CHICAGO OHARE INTERNATIONAL AIRPORT, IL US","2014-04-07","6.71","0.00","0.0","0.0","45"
"USW00094846","CHICAGO OHARE INTERNATIONAL AIRPORT, IL US","2014-04-08","6.93","0.02","0.0","0.0","50"
"USW00094846","CHICAGO OHARE INTERNATIONAL AIRPORT, IL US","2014-04-09","9.17","0.00","0.0","0.0","49"
"USW00094846","CHICAGO OHARE INTERNATIONAL AIRPORT, IL US","2014-04-10","12.53","0.00","0.0","0.0","58"
"USW00094846","CHICAGO OHARE INTERNATIONAL AIRPORT, IL US","2014-04-11","6.71","0.00","0.0","0.0","55"
"USW00094846","CHICAGO OHARE INTERNATIONAL AIRPORT, IL US","2014-04-12","14.99","0.00","0.0","0.0","63"
"USW00094846","CHICAGO OHARE INTERNATIONAL AIRPORT, IL US","2014-04-13","13.20","0.43","0.0","0.0","62"
"USW00094846","CHICAGO OHARE INTERNATIONAL AIRPORT, IL US","2014-04-14","15.66","0.30","1.4","0.0","46"
"USW00094846","CHICAGO OHARE INTERNATIONAL AIRPORT, IL US","2014-04-15","9.40","0.00","0.0","1.2","31"
"USW00094846","CHICAGO OHARE INTERNATIONAL AIRPORT, IL US","2014-04-16","16.11","0.00","0.0","0.0","38"
"USW00094846","CHICAGO OHARE INTERNATIONAL AIRPORT, IL US","2014-04-17","12.30","0.00","0.0","0.0","50"
"USW00094846","CHICAGO OHARE INTERNATIONAL AIRPORT, IL US","2014-04-18","7.83","0.00","0.0","0.0","48"
"USW00094846","CHICAGO OHARE INTERNATIONAL AIRPORT, IL US","2014-04-19","9.17","0.00","0.0","0.0","46"
"USW00094846","CHICAGO OHARE INTERNATIONAL AIRPORT, IL US","2014-04-20","10.07","0.00","0.0","0.0","60"
"USW00094846","CHICAGO OHARE INTERNATIONAL AIRPORT, IL US","2014-04-21","8.95","0.00","0.0","0.0","67"
"USW00094846","CHICAGO OHARE INTERNATIONAL AIRPORT, IL US","2014-04-22","11.41","0.00","0.0","0.0","54"
"USW00094846","CHICAGO OHARE INTERNATIONAL AIRPORT, IL US","2014-04-23","8.72","0.02","0.0","0.0","42"
"USW00094846","CHICAGO OHARE INTERNATIONAL AIRPORT, IL US","2014-04-24","14.99","0.06","0.0","0.0","49"
"USW00094846","CHICAGO OHARE INTERNATIONAL AIRPORT, IL US","2014-04-25","12.75","0.22","0.0","0.0","56"
"USW00094846","CHICAGO OHARE INTERNATIONAL AIRPORT, IL US","2014-04-26","13.20","0.00","0.0","0.0","52"
"USW00094846","CHICAGO OHARE INTERNATIONAL AIRPORT, IL US","2014-04-27","16.55","0.03","0.0","0.0","47"
"USW00094846","CHICAGO OHARE INTERNATIONAL AIRPORT, IL US","2014-04-28","16.11","0.61","0.0","0.0","50"
"USW00094846","CHICAGO OHARE INTERNATIONAL AIRPORT, IL US","2014-04-29","7.83","0.61","0.0","0.0","52"
"USW00094846","CHICAGO OHARE INTERNATIONAL AIRPORT, IL US","2014-04-30","10.51","0.01","0.0","0.0","50"
"USW00094846","CHICAGO OHARE INTERNATIONAL AIRPORT, IL US","2014-05-01","13.42","0.09","0.0","0.0","45"
"USW00094846","CHICAGO OHARE INTERNATIONAL AIRPORT, IL US","2014-05-02","11.41","0.00","0.0","0.0","48"
"USW00094846","CHICAGO OHARE INTERNATIONAL AIRPORT, IL US","2014-05-03","14.76","0.00","0.0","0.0","55"
"USW00094846","CHICAGO OHARE INTERNATIONAL AIRPORT, IL US","2014-05-04","10.07","0.00","0.0","0.0","55"
"USW00094846","CHICAGO OHARE INTERNATIONAL AIRPORT, IL US","2014-05-05","13.20","0.05","0.0","0.0","49"
"USW00094846","CHICAGO OHARE INTERNATIONAL AIRPORT, IL US","2014-05-06","13.65","0.00","0.0","0.0","50"
"USW00094846","CHICAGO OHARE INTERNATIONAL AIRPORT, IL US","2014-05-07","8.95","0.00","0.0","0.0","59"
"USW00094846","CHICAGO OHARE INTERNATIONAL AIRPORT, IL US","2014-05-08","14.32","0.10","0.0","0.0","69"
"USW00094846","CHICAGO OHARE INTERNATIONAL AIRPORT, IL US","2014-05-09","16.11","1.03","0.0","0.0","71"
"USW00094846","CHICAGO OHARE INTERNATIONAL AIRPORT, IL US","2014-05-10","6.93","0.00","0.0","0.0","62"
"USW00094846","CHICAGO OHARE INTERNATIONAL AIRPORT, IL US","2014-05-11","8.95","0.12","0.0","0.0","67"
"USW00094846","CHICAGO OHARE INTERNATIONAL AIRPORT, IL US","2014-05-12","12.08","2.09","0.0","0.0","72"
"USW00094846","CHICAGO OHARE INTERNATIONAL AIRPORT, IL US","2014-05-13","12.30","0.12","0.0","0.0","65"
"USW00094846","CHICAGO OHARE INTERNATIONAL AIRPORT, IL US","2014-05-14","12.08","0.02","0.0","0.0","53"
"USW00094846","CHICAGO OHARE INTERNATIONAL AIRPORT, IL US","2014-05-15","13.65","0.19","0.0","0.0","47"
"USW00094846","CHICAGO OHARE INTERNATIONAL AIRPORT, IL US","2014-05-16","8.05","0.10","0.0","0.0","41"
"USW00094846","CHICAGO OHARE INTERNATIONAL AIRPORT, IL US","2014-05-17","8.50","0.00","0.0","0.0","48"
"USW00094846","CHICAGO OHARE INTERNATIONAL AIRPORT, IL US","2014-05-18","10.51","0.00","0.0","0.0","56"
"USW00094846","CHICAGO OHARE INTERNATIONAL AIRPORT, IL US","2014-05-19","13.42","0.00","0.0","0.0","59"
"USW00094846","CHICAGO OHARE INTERNATIONAL AIRPORT, IL US","2014-05-20","11.18","0.82","0.0","0.0","71"
"USW00094846","CHICAGO OHARE INTERNATIONAL AIRPORT, IL US","2014-05-21","7.61","0.01","0.0","0.0","75"
"USW00094846","CHICAGO OHARE INTERNATIONAL AIRPORT, IL US","2014-05-22","6.71","0.00","0.0","0.0","67"
"USW00094846","CHICAGO OHARE INTERNATIONAL AIRPORT, IL US","2014-05-23","6.49","0.00","0.0","0.0","59"
"USW00094846","CHICAGO OHARE INTERNATIONAL AIRPORT, IL US","2014-05-24","5.14","0.00","0.0","0.0","60"
"USW00094846","CHICAGO OHARE INTERNATIONAL AIRPORT, IL US","2014-05-25","4.92","0.00","0.0","0.0","66"
"USW00094846","CHICAGO OHARE INTERNATIONAL AIRPORT, IL US","2014-05-26","7.61","0.00","0.0","0.0","74"
"USW00094846","CHICAGO OHARE INTERNATIONAL AIRPORT, IL US","2014-05-27","10.07","0.21","0.0","0.0","75"
"USW00094846","CHICAGO OHARE INTERNATIONAL AIRPORT, IL US","2014-05-28","9.40","0.03","0.0","0.0","64"
"USW00094846","CHICAGO OHARE INTERNATIONAL AIRPORT, IL US","2014-05-29","8.95","0.00","0.0","0.0","63"
"USW00094846","CHICAGO OHARE INTERNATIONAL AIRPORT, IL US","2014-05-30","6.93","0.00","0.0","0.0","65"
"USW00094846","CHICAGO OHARE INTERNATIONAL AIRPORT, IL US","2014-05-31","8.05","0.00","0.0","0.0","71"
"USW00094846","CHICAGO OHARE INTERNATIONAL AIRPORT, IL US","2014-06-01","12.97","0.00","0.0","0.0","75"
"USW00094846","CHICAGO OHARE INTERNATIONAL AIRPORT, IL US","2014-06-02","14.54","0.14","0.0","0.0","76"
"USW00094846","CHICAGO OHARE INTERNATIONAL AIRPORT, IL US","2014-06-03","9.84","0.00","0.0","0.0","75"
"USW00094846","CHICAGO OHARE INTERNATIONAL AIRPORT, IL US","2014-06-04","9.40","0.19","0.0","0.0","66"
"USW00094846","CHICAGO OHARE INTERNATIONAL AIRPORT, IL US","2014-06-05","6.04","0.00","0.0","0.0","63"
"USW00094846","CHICAGO OHARE INTERNATIONAL AIRPORT, IL US","2014-06-06","4.92","0.00","0.0","0.0","67"
"USW00094846","CHICAGO OHARE INTERNATIONAL AIRPORT, IL US","2014-06-07","7.61","0.08","0.0","0.0","71"
"USW00094846","CHICAGO OHARE INTERNATIONAL AIRPORT, IL US","2014-06-08","14.09","0.23","0.0","0.0","65"
"USW00094846","CHICAGO OHARE INTERNATIONAL AIRPORT, IL US","2014-06-09","8.50","0.00","0.0","0.0","65"
"USW00094846","CHICAGO OHARE INTERNATIONAL AIRPORT, IL US","2014-06-10","10.29","1.26","0.0","0.0","60"
"USW00094846","CHICAGO OHARE INTERNATIONAL AIRPORT, IL US","2014-06-11","7.38","0.52","0.0","0.0","60"
"USW00094846","CHICAGO OHARE INTERNATIONAL AIRPORT, IL US","2014-06-12","10.07","0.00","0.0","0.0","68"
"USW00094846","CHICAGO OHARE INTERNATIONAL AIRPORT, IL US","2014-06-13","9.84","0.00","0.0","0.0","66"
"USW00094846","CHICAGO OHARE INTERNATIONAL AIRPORT, IL US","2014-06-14","8.28","0.00","0.0","0.0","66"
"USW00094846","CHICAGO OHARE INTERNATIONAL AIRPORT, IL US","2014-06-15","15.66","0.00","0.0","0.0","72"
"USW00094846","CHICAGO OHARE INTERNATIONAL AIRPORT, IL US","2014-06-16","8.72","0.00","0.0","0.0","78"
"USW00094846","CHICAGO OHARE INTERNATIONAL AIRPORT, IL US","2014-06-17","12.53","0.00","0.0","0.0","82"
"USW00094846","CHICAGO OHARE INTERNATIONAL AIRPORT, IL US","2014-06-18","10.29","0.65","0.0","0.0","78"
"USW00094846","CHICAGO OHARE INTERNATIONAL AIRPORT, IL US","2014-06-19","8.28","0.32","0.0","0.0","66"
"USW00094846","CHICAGO OHARE INTERNATIONAL AIRPORT, IL US","2014-06-20","8.50","0.01","0.0","0.0","74"
"USW00094846","CHICAGO OHARE INTERNATIONAL AIRPORT, IL US","2014-06-21","7.38","1.28","0.0","0.0","69"
"USW00094846","CHICAGO OHARE INTERNATIONAL AIRPORT, IL US","2014-06-22","4.92","0.00","0.0","0.0","70"
"USW00094846","CHICAGO OHARE INTERNATIONAL AIRPORT, IL US","2014-06-23","5.59","0.05","0.0","0.0","71"
"USW00094846","CHICAGO OHARE INTERNATIONAL AIRPORT, IL US","2014-06-24","4.70","0.41","0.0","0.0","77"
"USW00094846","CHICAGO OHARE INTERNATIONAL AIRPORT, IL US","2014-06-25","7.38","0.00","0.0","0.0","69"
"USW00094846","CHICAGO OHARE INTERNATIONAL AIRPORT, IL US","2014-06-26","6.71","0.00","0.0","0.0","64"
"USW00094846","CHICAGO OHARE INTERNATIONAL AIRPORT, IL US","2014-06-27","9.84","0.00","0.0","0.0","71"
"USW00094846","CHICAGO OHARE INTERNATIONAL AIRPORT, IL US","2014-06-28","12.08","0.00","0.0","0.0","79"
"USW00094846","CHICAGO OHARE INTERNATIONAL AIRPORT, IL US","2014-06-29","12.97","0.07","0.0","0.0","77"
"USW00094846","CHICAGO OHARE INTERNATIONAL AIRPORT, IL US","2014-06-30","12.53","2.60","0.0","0.0","79"
"USW00094846","CHICAGO OHARE INTERNATIONAL AIRPORT, IL US","2014-07-01","12.30","0.00","0.0","0.0","72"
"USW00094846","CHICAGO OHARE INTERNATIONAL AIRPORT, IL US","2014-07-02","9.62","0.12","0.0","0.0","67"
"USW00094846","CHICAGO OHARE INTERNATIONAL AIRPORT, IL US","2014-07-03","6.71","0.07","0.0","0.0","63"
"USW00094846","CHICAGO OHARE INTERNATIONAL AIRPORT, IL US","2014-07-04","7.16","0.00","0.0","0.0","68"
"USW00094846","CHICAGO OHARE INTERNATIONAL AIRPORT, IL US","2014-07-05","8.28","0.00","0.0","0.0","69"
"USW00094846","CHICAGO OHARE INTERNATIONAL AIRPORT, IL US","2014-07-06","12.30","0.00","0.0","0.0","73"
"USW00094846","CHICAGO OHARE INTERNATIONAL AIRPORT, IL US","2014-07-07","8.50","0.63","0.0","0.0","80"
"USW00094846","CHICAGO OHARE INTERNATIONAL AIRPORT, IL US","2014-07-08","12.08","0.54","0.0","0.0","76"
"USW00094846","CHICAGO OHARE INTERNATIONAL AIRPORT, IL US","2014-07-09","8.50","0.00","0.0","0.0","72"
"USW00094846","CHICAGO OHARE INTERNATIONAL AIRPORT, IL US","2014-07-10","4.47","0.00","0.0","0.0","70"
"USW00094846","CHICAGO OHARE INTERNATIONAL AIRPORT, IL US","2014-07-11","5.37","0.01","0.0","0.0","70"
"USW00094846","CHICAGO OHARE INTERNATIONAL AIRPORT, IL US","2014-07-12","10.51","0.47","0.0","0.0","74"
"USW00094846","CHICAGO OHARE INTERNATIONAL AIRPORT, IL US","2014-07-13","9.62","0.01","0.0","0.0","76"
"USW00094846","CHICAGO OHARE INTERNATIONAL AIRPORT, IL US","2014-07-14","8.05","0.20","0.0","0.0","72"
"USW00094846","CHICAGO OHARE INTERNATIONAL AIRPORT, IL US","2014-07-15","10.51","0.05","0.0","0.0","63"
"USW00094846","CHICAGO OHARE INTERNATIONAL AIRPORT, IL US","2014-07-16","7.38","0.00","0.0","0.0","63"
"USW00094846","CHICAGO OHARE INTERNATIONAL AIRPORT, IL US","2014-07-17","5.59","0.00","0.0","0.0","66"
"USW00094846","CHICAGO OHARE INTERNATIONAL AIRPORT, IL US","2014-07-18","6.93","0.00","0.0","0.0","70"
"USW00094846","CHICAGO OHARE INTERNATIONAL AIRPORT, IL US","2014-07-19","4.70","0.00","0.0","0.0","70"
"USW00094846","CHICAGO OHARE INTERNATIONAL AIRPORT, IL US","2014-07-20","4.47","0.00","0.0","0.0","72"
"USW00094846","CHICAGO OHARE INTERNATIONAL AIRPORT, IL US","2014-07-21","7.16","0.00","0.0","0.0","75"
"USW00094846","CHICAGO OHARE INTERNATIONAL AIRPORT, IL US","2014-07-22","11.86","0.01","0.0","0.0","79"
"USW00094846","CHICAGO OHARE INTERNATIONAL AIRPORT, IL US","2014-07-23","16.11","0.00","0.0","0.0","73"
"USW00094846","CHICAGO OHARE INTERNATIONAL AIRPORT, IL US","2014-07-24","8.72","0.00","0.0","0.0","65"
"USW00094846","CHICAGO OHARE INTERNATIONAL AIRPORT, IL US","2014-07-25","9.17","0.00","0.0","0.0","66"
"USW00094846","CHICAGO OHARE INTERNATIONAL AIRPORT, IL US","2014-07-26","5.59","0.00","0.0","0.0","74"
"USW00094846","CHICAGO OHARE INTERNATIONAL AIRPORT, IL US","2014-07-27","14.99","0.02","0.0","0.0","78"
"USW00094846","CHICAGO OHARE INTERNATIONAL AIRPORT, IL US","2014-07-28","11.18","0.00","0.0","0.0","67"
"USW00094846","CHICAGO OHARE INTERNATIONAL AIRPORT, IL US","2014-07-29","9.62","0.01","0.0","0.0","69"
"USW00094846","CHICAGO OHARE INTERNATIONAL AIRPORT, IL US","2014-07-30","6.93","0.00","0.0","0.0","69"
"USW00094846","CHICAGO OHARE INTERNATIONAL AIRPORT, IL US","2014-07-31","8.50","0.00","0.0","0.0","71"
"USW00094846","CHICAGO OHARE INTERNATIONAL AIRPORT, IL US","2014-08-01","6.93","0.15","0.0","0.0","73"
"USW00094846","CHICAGO OHARE INTERNATIONAL AIRPORT, IL US","2014-08-02","4.25","0.00","0.0","0.0","72"
"USW00094846","CHICAGO OHARE INTERNATIONAL AIRPORT, IL US","2014-08-03","6.93","0.00","0.0","0.0","75"
"USW00094846","CHICAGO OHARE INTERNATIONAL AIRPORT, IL US","2014-08-04","7.61","2.76","0.0","0.0","75"
"USW00094846","CHICAGO OHARE INTERNATIONAL AIRPORT, IL US","2014-08-05","6.26","0.00","0.0","0.0","71"
"USW00094846","CHICAGO OHARE INTERNATIONAL AIRPORT, IL US","2014-08-06","6.26","0.00","0.0","0.0","71"
"USW00094846","CHICAGO OHARE INTERNATIONAL AIRPORT, IL US","2014-08-07","8.95","0.00","0.0","0.0","72"
"USW00094846","CHICAGO OHARE INTERNATIONAL AIRPORT, IL US","2014-08-08","10.74","0.00","0.0","0.0","74"
"USW00094846","CHICAGO OHARE INTERNATIONAL AIRPORT, IL US","2014-08-09","9.17","0.00","0.0","0.0","74"
"USW00094846","CHICAGO OHARE INTERNATIONAL AIRPORT, IL US","2014-08-10","8.50","0.00","0.0","0.0","74"
"USW00094846","CHICAGO OHARE INTERNATIONAL AIRPORT, IL US","2014-08-11","6.71","0.85","0.0","0.0","72"
"USW00094846","CHICAGO OHARE INTERNATIONAL AIRPORT, IL US","2014-08-12","12.08","0.07","0.0","0.0","67"
"USW00094846","CHICAGO OHARE INTERNATIONAL AIRPORT, IL US","2014-08-13","9.40","0.00","0.0","0.0","69"
"USW00094846","CHICAGO OHARE INTERNATIONAL AIRPORT, IL US","2014-08-14","7.61","0.00","0.0","0.0","67"
"USW00094846","CHICAGO OHARE INTERNATIONAL AIRPORT, IL US","2014-08-15","6.04","0.00","0.0","0.0","65"
"USW00094846","CHICAGO OHARE INTERNATIONAL AIRPORT, IL US","2014-08-16","8.28","0.00","0.0","0.0","71"
"USW00094846","CHICAGO OHARE INTERNATIONAL AIRPORT, IL US","2014-08-17","8.50","0.00","0.0","0.0","70"
"USW00094846","CHICAGO OHARE INTERNATIONAL AIRPORT, IL US","2014-08-18","4.92","0.00","0.0","0.0","70"
"USW00094846","CHICAGO OHARE INTERNATIONAL AIRPORT, IL US","2014-08-19","10.74","0.09","0.0","0.0","77"
"USW00094846","CHICAGO OHARE INTERNATIONAL AIRPORT, IL US","2014-08-20","7.83","0.00","0.0","0.0","76"
"USW00094846","CHICAGO OHARE INTERNATIONAL AIRPORT, IL US","2014-08-21","4.92","0.98","0.0","0.0","75"
"USW00094846","CHICAGO OHARE INTERNATIONAL AIRPORT, IL US","2014-08-22","5.14","1.58","0.0","0.0","78"
"USW00094846","CHICAGO OHARE INTERNATIONAL AIRPORT, IL US","2014-08-23","4.92","0.34","0.0","0.0","77"
"USW00094846","CHICAGO OHARE INTERNATIONAL AIRPORT, IL US","2014-08-24","7.38","0.00","0.0","0.0","76"
"USW00094846","CHICAGO OHARE INTERNATIONAL AIRPORT, IL US","2014-08-25","6.71","0.01","0.0","0.0","79"
"USW00094846","CHICAGO OHARE INTERNATIONAL AIRPORT, IL US","2014-08-26","6.04","0.12","0.0","0.0","76"
"USW00094846","CHICAGO OHARE INTERNATIONAL AIRPORT, IL US","2014-08-27","6.93","0.00","0.0","0.0","74"
"USW00094846","CHICAGO OHARE INTERNATIONAL AIRPORT, IL US","2014-08-28","8.50","0.00","0.0","0.0","71"
"USW00094846","CHICAGO OHARE INTERNATIONAL AIRPORT, IL US","2014-08-29","11.18","0.08","0.0","0.0","76"
"USW00094846","CHICAGO OHARE INTERNATIONAL AIRPORT, IL US","2014-08-30","11.63","0.27","0.0","0.0","77"
"USW00094846","CHICAGO OHARE INTERNATIONAL AIRPORT, IL US","2014-08-31","6.71","0.00","0.0","0.0","76"
"USW00094846","CHICAGO OHARE INTERNATIONAL AIRPORT, IL US","2014-09-01","11.41","0.36","0.0","0.0","77"
"USW00094846","CHICAGO OHARE INTERNATIONAL AIRPORT, IL US","2014-09-02","5.82","0.01","0.0","0.0","74"
"USW00094846","CHICAGO OHARE INTERNATIONAL AIRPORT, IL US","2014-09-03","6.71","0.00","0.0","0.0","73"
"USW00094846","CHICAGO OHARE INTERNATIONAL AIRPORT, IL US","2014-09-04","12.53","0.26","0.0","0.0","76"
"USW00094846","CHICAGO OHARE INTERNATIONAL AIRPORT, IL US","2014-09-05","10.96","0.50","0.0","0.0","80"
"USW00094846","CHICAGO OHARE INTERNATIONAL AIRPORT, IL US","2014-09-06","8.50","0.00","0.0","0.0","67"
"USW00094846","CHICAGO OHARE INTERNATIONAL AIRPORT, IL US","2014-09-07","4.25","0.00","0.0","0.0","67"
"USW00094846","CHICAGO OHARE INTERNATIONAL AIRPORT, IL US","2014-09-08","6.26","0.00","0.0","0.0","67"
"USW00094846","CHICAGO OHARE INTERNATIONAL AIRPORT, IL US","2014-09-09","7.61","0.01","0.0","0.0","70"
"USW00094846","CHICAGO OHARE INTERNATIONAL AIRPORT, IL US","2014-09-10","15.88","1.31","0.0","0.0","72"
"USW00094846","CHICAGO OHARE INTERNATIONAL AIRPORT, IL US","2014-09-11","10.29","0.00","0.0","0.0","54"
"USW00094846","CHICAGO OHARE INTERNATIONAL AIRPORT, IL US","2014-09-12","12.53","0.13","0.0","0.0","51"
"USW00094846","CHICAGO OHARE INTERNATIONAL AIRPORT, IL US","2014-09-13","7.61","0.00","0.0","0.0","47"
"USW00094846","CHICAGO OHARE INTERNATIONAL AIRPORT, IL US","2014-09-14","4.92","0.00","0.0","0.0","53"
"USW00094846","CHICAGO OHARE INTERNATIONAL AIRPORT, IL US","2014-09-15","4.92","0.00","0.0","0.0","56"
"USW00094846","CHICAGO OHARE INTERNATIONAL AIRPORT, IL US","2014-09-16","4.47","0.00","0.0","0.0","56"
"USW00094846","CHICAGO OHARE INTERNATIONAL AIRPORT, IL US","2014-09-17","2.91","0.00","0.0","0.0","59"
"USW00094846","CHICAGO OHARE INTERNATIONAL AIRPORT, IL US","2014-09-18","6.26","0.00","0.0","0.0","61"
"USW00094846","CHICAGO OHARE INTERNATIONAL AIRPORT, IL US","2014-09-19","11.41","0.00","0.0","0.0","63"
"USW00094846","CHICAGO OHARE INTERNATIONAL AIRPORT, IL US","2014-09-20","10.07","0.12","0.0","0.0","69"
"USW00094846","CHICAGO OHARE INTERNATIONAL AIRPORT, IL US","2014-09-21","12.75","0.00","0.0","0.0","65"
"USW00094846","CHICAGO OHARE INTERNATIONAL AIRPORT, IL US","2014-09-22","5.59","0.00","0.0","0.0","55"
"USW00094846","CHICAGO OHARE INTERNATIONAL AIRPORT, IL US","2014-09-23","4.25","0.00","0.0","0.0","60"
"USW00094846","CHICAGO OHARE INTERNATIONAL AIRPORT, IL US","2014-09-24","5.59","0.00","0.0","0.0","65"
"USW00094846","CHICAGO OHARE INTERNATIONAL AIRPORT, IL US","2014-09-25","2.01","0.00","0.0","0.0","65"
"USW00094846","CHICAGO OHARE INTERNATIONAL AIRPORT, IL US","2014-09-26","4.47","0.00","0.0","0.0","65"
"USW00094846","CHICAGO OHARE INTERNATIONAL AIRPORT, IL US","2014-09-27","3.80","0.00","0.0","0.0","66"
"USW00094846","CHICAGO OHARE INTERNATIONAL AIRPORT, IL US","2014-09-28","3.13","0.00","0.0","0.0","65"
"USW00094846","CHICAGO OHARE INTERNATIONAL AIRPORT, IL US","2014-09-29","8.95","0.01","0.0","0.0","66"
"USW00094846","CHICAGO OHARE INTERNATIONAL AIRPORT, IL US","2014-09-30","9.62","0.00","0.0","0.0","53"
"USW00094846","CHICAGO OHARE INTERNATIONAL AIRPORT, IL US","2014-10-01","10.51","0.00","0.0","0.0","58"
"USW00094846","CHICAGO OHARE INTERNATIONAL AIRPORT, IL US","2014-10-02","7.83","0.32","0.0","0.0","67"
"USW00094846","CHICAGO OHARE INTERNATIONAL AIRPORT, IL US","2014-10-03","16.33","0.68","0.0","0.0","60"
"USW00094846","CHICAGO OHARE INTERNATIONAL AIRPORT, IL US","2014-10-04","13.87","0.06","0.0","0.0","42"
"USW00094846","CHICAGO OHARE INTERNATIONAL AIRPORT, IL US","2014-10-05","8.95","0.01","0.0","0.0","45"
"USW00094846","CHICAGO OHARE INTERNATIONAL AIRPORT, IL US","2014-10-06","8.72","0.01","0.0","0.0","52"
"USW00094846","CHICAGO OHARE INTERNATIONAL AIRPORT, IL US","2014-10-07","11.41","0.00","0.0","0.0","55"
"USW00094846","CHICAGO OHARE INTERNATIONAL AIRPORT, IL US","2014-10-08","11.41","0.00","0.0","0.0","54"
"USW00094846","CHICAGO OHARE INTERNATIONAL AIRPORT, IL US","2014-10-09","5.82","0.00","0.0","0.0","54"
"USW00094846","CHICAGO OHARE INTERNATIONAL AIRPORT, IL US","2014-10-10","8.28","0.00","0.0","0.0","50"
"USW00094846","CHICAGO OHARE INTERNATIONAL AIRPORT, IL US","2014-10-11","4.47","0.00","0.0","0.0","47"
"USW00094846","CHICAGO OHARE INTERNATIONAL AIRPORT, IL US","2014-10-12","9.17","0.01","0.0","0.0","49"
"USW00094846","CHICAGO OHARE INTERNATIONAL AIRPORT, IL US","2014-10-13","9.17","0.64","0.0","0.0","59"
"USW00094846","CHICAGO OHARE INTERNATIONAL AIRPORT, IL US","2014-10-14","10.29","0.65","0.0","0.0","63"
"USW00094846","CHICAGO OHARE INTERNATIONAL AIRPORT, IL US","2014-10-15","9.84","0.05","0.0","0.0","53"
"USW00094846","CHICAGO OHARE INTERNATIONAL AIRPORT, IL US","2014-10-16","7.38","0.00","0.0","0.0","53"
"USW00094846","CHICAGO OHARE INTERNATIONAL AIRPORT, IL US","2014-10-17","13.20","0.00","0.0","0.0","54"
"USW00094846","CHICAGO OHARE INTERNATIONAL AIRPORT, IL US","2014-10-18","9.17","0.01","0.0","0.0","49"
"USW00094846","CHICAGO OHARE INTERNATIONAL AIRPORT, IL US","2014-10-19","8.28","0.00","0.0","0.0","43"
"USW00094846","CHICAGO OHARE INTERNATIONAL AIRPORT, IL US","2014-10-20","9.40","0.01","0.0","0.0","54"
"USW00094846","CHICAGO OHARE INTERNATIONAL AIRPORT, IL US","2014-10-21","11.41","0.00","0.0","0.0","50"
"USW00094846","CHICAGO OHARE INTERNATIONAL AIRPORT, IL US","2014-10-22","4.92","0.00","0.0","0.0","48"
"USW00094846","CHICAGO OHARE INTERNATIONAL AIRPORT, IL US","2014-10-23","7.83","0.00","0.0","0.0","46"
"USW00094846","CHICAGO OHARE INTERNATIONAL AIRPORT, IL US","2014-10-24","5.82","0.00","0.0","0.0","57"
"USW00094846","CHICAGO OHARE INTERNATIONAL AIRPORT, IL US","2014-10-25","10.96","0.00","0.0","0.0","62"
"USW00094846","CHICAGO OHARE INTERNATIONAL AIRPORT, IL US","2014-10-26","5.82","0.00","0.0","0.0","54"
"USW00094846","CHICAGO OHARE INTERNATIONAL AIRPORT, IL US","2014-10-27","12.97","0.00","0.0","0.0","60"
"USW00094846","CHICAGO OHARE INTERNATIONAL AIRPORT, IL US","2014-10-28","15.66","0.00","0.0","0.0","61"
"USW00094846","CHICAGO OHARE INTERNATIONAL AIRPORT, IL US","2014-10-29","9.84","0.00","0.0","0.0","47"
"USW00094846","CHICAGO OHARE INTERNATIONAL AIRPORT, IL US","2014-10-30","5.59","0.00","0.0","0.0","42"
"USW00094846","CHICAGO OHARE INTERNATIONAL AIRPORT, IL US","2014-10-31","22.82","0.03","0.1","0.0","42"
"USW00094846","CHICAGO OHARE INTERNATIONAL AIRPORT, IL US","2014-11-01","8.72","0.00","0.0","0.0","38"
"USW00094846","CHICAGO OHARE INTERNATIONAL AIRPORT, IL US","2014-11-02","9.84","0.00","0.0","0.0","36"
"USW00094846","CHICAGO OHARE INTERNATIONAL AIRPORT, IL US","2014-11-03","15.21","0.00","0.0","0.0","51"
"USW00094846","CHICAGO OHARE INTERNATIONAL AIRPORT, IL US","2014-11-04","15.43","0.00","0.0","0.0","55"
"USW00094846","CHICAGO OHARE INTERNATIONAL AIRPORT, IL US","2014-11-05","9.17","0.00","0.0","0.0","47"
"USW00094846","CHICAGO OHARE INTERNATIONAL AIRPORT, IL US","2014-11-06","17.00","0.00","0.0","0.0","47"
"USW00094846","CHICAGO OHARE INTERNATIONAL AIRPORT, IL US","2014-11-07","8.28","0.00","0.0","0.0","38"
"USW00094846","CHICAGO OHARE INTERNATIONAL AIRPORT, IL US","2014-11-08","11.63","0.01","0.0","0.0","43"
"USW00094846","CHICAGO OHARE INTERNATIONAL AIRPORT, IL US","2014-11-09","8.95","0.00","0.0","0.0","41"
"USW00094846","CHICAGO OHARE INTERNATIONAL AIRPORT, IL US","2014-11-10","13.20","0.00","0.0","0.0","49"
"USW00094846","CHICAGO OHARE INTERNATIONAL AIRPORT, IL US","2014-11-11","15.21","0.21","0.0","0.0","49"
"USW00094846","CHICAGO OHARE INTERNATIONAL AIRPORT, IL US","2014-11-12","13.42","0.00","0.0","0.0","29"
"USW00094846","CHICAGO OHARE INTERNATIONAL AIRPORT, IL US","2014-11-13","12.30","0.00","0.0","0.0","26"
"USW00094846","CHICAGO OHARE INTERNATIONAL AIRPORT, IL US","2014-11-14","7.83","0.00","0.0","0.0","26"
"USW00094846","CHICAGO OHARE INTERNATIONAL AIRPORT, IL US","2014-11-15","5.59","0.04","1.4","0.0","24"
"USW00094846","CHICAGO OHARE INTERNATIONAL AIRPORT, IL US","2014-11-16","7.61","0.01","0.2","0.0","26"
"USW00094846","CHICAGO OHARE INTERNATIONAL AIRPORT, IL US","2014-11-17","16.11","0.00","0.3","0.0","18"
"USW00094846","CHICAGO OHARE INTERNATIONAL AIRPORT, IL US","2014-11-18","16.78","0.00","0.0","0.0","13"
"USW00094846","CHICAGO OHARE INTERNATIONAL AIRPORT, IL US","2014-11-19","15.21","0.00","0.0","0.0","22"
"USW00094846","CHICAGO OHARE INTERNATIONAL AIRPORT, IL US","2014-11-20","14.99","0.00","0.0","0.0","22"
"USW00094846","CHICAGO OHARE INTERNATIONAL AIRPORT, IL US","2014-11-21","8.50","0.00","0.0","0.0","20"
"USW00094846","CHICAGO OHARE INTERNATIONAL AIRPORT, IL US","2014-11-22","13.20","0.07","0.0","0.0","37"
"USW00094846","CHICAGO OHARE INTERNATIONAL AIRPORT, IL US","2014-11-23","10.51","0.63","0.0","0.0","50"
"USW00094846","CHICAGO OHARE INTERNATIONAL AIRPORT, IL US","2014-11-24","17.22","0.43","0.7","0.0","42"
"USW00094846","CHICAGO OHARE INTERNATIONAL AIRPORT, IL US","2014-11-25","10.29","0.01","0.2","0.0","24"
"USW00094846","CHICAGO OHARE INTERNATIONAL AIRPORT, IL US","2014-11-26","5.14","0.00","0.0","0.0","22"
"USW00094846","CHICAGO OHARE INTERNATIONAL AIRPORT, IL US","2014-11-27","9.84","0.00","0.0","0.0","25"
"USW00094846","CHICAGO OHARE INTERNATIONAL AIRPORT, IL US","2014-11-28","10.51","0.00","0.0","0.0","22"
"USW00094846","CHICAGO OHARE INTERNATIONAL AIRPORT, IL US","2014-11-29","13.20","0.00","0.0","0.0","37"
"USW00094846","CHICAGO OHARE INTERNATIONAL AIRPORT, IL US","2014-11-30","11.41","0.00","0.0","0.0","46"
"USW00094846","CHICAGO OHARE INTERNATIONAL AIRPORT, IL US","2014-12-01","11.63","0.00","0.0","0.0","22"
"USW00094846","CHICAGO OHARE INTERNATIONAL AIRPORT, IL US","2014-12-02","10.07","0.00","0.0","0.0","25"
"USW00094846","CHICAGO OHARE INTERNATIONAL AIRPORT, IL US","2014-12-03","10.51","0.00","0.0","0.0","30"
"USW00094846","CHICAGO OHARE INTERNATIONAL AIRPORT, IL US","2014-12-04","7.61","0.00","0.0","0.0","28"
"USW00094846","CHICAGO OHARE INTERNATIONAL AIRPORT, IL US","2014-12-05","4.70","0.00","0.0","0.0","35"
"USW00094846","CHICAGO OHARE INTERNATIONAL AIRPORT, IL US","2014-12-06","11.41","0.00","0.0","0.0","35"
"USW00094846","CHICAGO OHARE INTERNATIONAL AIRPORT, IL US","2014-12-07","9.84","0.00","0.0","0.0","31"
"USW00094846","CHICAGO OHARE INTERNATIONAL AIRPORT, IL US","2014-12-08","9.17","0.20","0.0","0.0","33"
"USW00094846","CHICAGO OHARE INTERNATIONAL AIRPORT, IL US","2014-12-09","13.42","0.00","0.0","0.0","35"
"USW00094846","CHICAGO OHARE INTERNATIONAL AIRPORT, IL US","2014-12-10","11.18","0.00","0.0","0.0","31"
"USW00094846","CHICAGO OHARE INTERNATIONAL AIRPORT, IL US","2014-12-11","8.95","0.00","0.0","0.0","28"
"USW00094846","CHICAGO OHARE INTERNATIONAL AIRPORT, IL US","2014-12-12","9.40","0.00","0.0","0.0","29"
"USW00094846","CHICAGO OHARE INTERNATIONAL AIRPORT, IL US","2014-12-13","7.83","0.00","0.0","0.0","38"
"USW00094846","CHICAGO OHARE INTERNATIONAL AIRPORT, IL US","2014-12-14","8.28","0.00","0.0","0.0","47"
"USW00094846","CHICAGO OHARE INTERNATIONAL AIRPORT, IL US","2014-12-15","11.41","0.06","0.0","0.0","46"
"USW00094846","CHICAGO OHARE INTERNATIONAL AIRPORT, IL US","2014-12-16","12.08","0.02","0.0","0.0","42"
"USW00094846","CHICAGO OHARE INTERNATIONAL AIRPORT, IL US","2014-12-17","11.18","0.00","0.0","0.0","28"
"USW00094846","CHICAGO OHARE INTERNATIONAL AIRPORT, IL US","2014-12-18","5.59","0.00","0.0","0.0","24"
"USW00094846","CHICAGO OHARE INTERNATIONAL AIRPORT, IL US","2014-12-19","4.92","0.00","0.0","0.0","29"
"USW00094846","CHICAGO OHARE INTERNATIONAL AIRPORT, IL US","2014-12-20","3.80","0.00","0.0","0.0","30"
"USW00094846","CHICAGO OHARE INTERNATIONAL AIRPORT, IL US","2014-12-21","10.29","0.00","0.0","0.0","33"
"USW00094846","CHICAGO OHARE INTERNATIONAL AIRPORT, IL US","2014-12-22","11.18","0.32","0.0","0.0","33"
"USW00094846","CHICAGO OHARE INTERNATIONAL AIRPORT, IL US","2014-12-23","10.51","0.19","0.0","0.0","44"
"USW00094846","CHICAGO OHARE INTERNATIONAL AIRPORT, IL US","2014-12-24","8.05","0.00","0.0","0.0","39"
"USW00094846","CHICAGO OHARE INTERNATIONAL AIRPORT, IL US","2014-12-25","14.32","0.00","0.0","0.0","37"
"USW00094846","CHICAGO OHARE INTERNATIONAL AIRPORT, IL US","2014-12-26","10.29","0.00","0.0","0.0","41"
"USW00094846","CHICAGO OHARE INTERNATIONAL AIRPORT, IL US","2014-12-27","15.21","0.00","0.0","0.0","44"
"USW00094846","CHICAGO OHARE INTERNATIONAL AIRPORT, IL US","2014-12-28","7.61","0.00","0.0","0.0","29"
"USW00094846","CHICAGO OHARE INTERNATIONAL AIRPORT, IL US","2014-12-29","9.40","0.00","0.0","0.0","27"
"USW00094846","CHICAGO OHARE INTERNATIONAL AIRPORT, IL US","2014-12-30","10.51","0.00","0.0","0.0","17"
"USW00094846","CHICAGO OHARE INTERNATIONAL AIRPORT, IL US","2014-12-31","13.87","0.00","0.0","0.0","11"
"USW00094846","CHICAGO OHARE INTERNATIONAL AIRPORT, IL US","2015-01-01","14.54","0.00","0.0","0.0","20"
"USW00094846","CHICAGO OHARE INTERNATIONAL AIRPORT, IL US","2015-01-02","4.70","0.00","0.0","0.0","26"
"USW00094846","CHICAGO OHARE INTERNATIONAL AIRPORT, IL US","2015-01-03","5.59","0.57","0.4","0.0","31"
"USW00094846","CHICAGO OHARE INTERNATIONAL AIRPORT, IL US","2015-01-04","15.88","0.13","2.2","1.2","29"
"USW00094846","CHICAGO OHARE INTERNATIONAL AIRPORT, IL US","2015-01-05","10.29","0.15","1.8","2.0","2"
"USW00094846","CHICAGO OHARE INTERNATIONAL AIRPORT, IL US","2015-01-06","13.87","0.01","0.2","3.9","5"
"USW00094846","CHICAGO OHARE INTERNATIONAL AIRPORT, IL US","2015-01-07","17.45","0.00","0.0","3.1","3"
"USW00094846","CHICAGO OHARE INTERNATIONAL AIRPORT, IL US","2015-01-08","17.67","0.06","3.0","3.1","-2"
"USW00094846","CHICAGO OHARE INTERNATIONAL AIRPORT, IL US","2015-01-09","16.55","0.00","0.0","5.1","8"
"USW00094846","CHICAGO OHARE INTERNATIONAL AIRPORT, IL US","2015-01-10","11.63","0.00","0.0","3.9","5"
"USW00094846","CHICAGO OHARE INTERNATIONAL AIRPORT, IL US","2015-01-11","8.28","0.19","2.6","3.9","26"
"USW00094846","CHICAGO OHARE INTERNATIONAL AIRPORT, IL US","2015-01-12","12.75","0.00","0.4","5.9","23"
"USW00094846","CHICAGO OHARE INTERNATIONAL AIRPORT, IL US","2015-01-13","7.61","0.00","0.2","5.9","17"
"USW00094846","CHICAGO OHARE INTERNATIONAL AIRPORT, IL US","2015-01-14","6.49","0.00","0.0","5.9","11"
"USW00094846","CHICAGO OHARE INTERNATIONAL AIRPORT, IL US","2015-01-15","10.07","0.00","0.0","5.1","22"
"USW00094846","CHICAGO OHARE INTERNATIONAL AIRPORT, IL US","2015-01-16","8.28","0.00","0.0","3.9","28"
"USW00094846","CHICAGO OHARE INTERNATIONAL AIRPORT, IL US","2015-01-17","15.43","0.00","0.0","3.9","34"
"USW00094846","CHICAGO OHARE INTERNATIONAL AIRPORT, IL US","2015-01-18","10.51","0.00","0.0","0.0","37"
"USW00094846","CHICAGO OHARE INTERNATIONAL AIRPORT, IL US","2015-01-19","5.37","0.00","0.0","0.0","32"
"USW00094846","CHICAGO OHARE INTERNATIONAL AIRPORT, IL US","2015-01-20","7.38","0.00","0.0","0.0","34"
"USW00094846","CHICAGO OHARE INTERNATIONAL AIRPORT, IL US","2015-01-21","7.61","0.01","0.1","0.0","31"
"USW00094846","CHICAGO OHARE INTERNATIONAL AIRPORT, IL US","2015-01-22","6.93","0.00","0.0","0.0","30"
"USW00094846","CHICAGO OHARE INTERNATIONAL AIRPORT, IL US","2015-01-23","11.41","0.00","0.0","0.0","30"
"USW00094846","CHICAGO OHARE INTERNATIONAL AIRPORT, IL US","2015-01-24","8.05","0.00","0.0","0.0","33"
"USW00094846","CHICAGO OHARE INTERNATIONAL AIRPORT, IL US","2015-01-25","14.54","0.08","0.6","0.0","31"
"USW00094846","CHICAGO OHARE INTERNATIONAL AIRPORT, IL US","2015-01-26","5.59","0.07","1.0","0.0","23"
"USW00094846","CHICAGO OHARE INTERNATIONAL AIRPORT, IL US","2015-01-27","6.04","0.00","0.0","1.2","27"
"USW00094846","CHICAGO OHARE INTERNATIONAL AIRPORT, IL US","2015-01-28","10.96","0.01","0.0","1.2","26"
"USW00094846","CHICAGO OHARE INTERNATIONAL AIRPORT, IL US","2015-01-29","13.87","0.01","0.1","1.2","33"
"USW00094846","CHICAGO OHARE INTERNATIONAL AIRPORT, IL US","2015-01-30","7.38","0.00","0.0","1.2","27"
"USW00094846","CHICAGO OHARE INTERNATIONAL AIRPORT, IL US","2015-01-31","6.93","0.12","1.3","0.0","27"
"USW00094846","CHICAGO OHARE INTERNATIONAL AIRPORT, IL US","2015-02-01","18.34","0.87","16.2","3.9","29"
"USW00094846","CHICAGO OHARE INTERNATIONAL AIRPORT, IL US","2015-02-02","12.75","0.05","1.8","18.1","15"
"USW00094846","CHICAGO OHARE INTERNATIONAL AIRPORT, IL US","2015-02-03","5.37","0.09","1.6","16.9","13"
"USW00094846","CHICAGO OHARE INTERNATIONAL AIRPORT, IL US","2015-02-04","10.51","0.02","0.3","16.1","21"
"USW00094846","CHICAGO OHARE INTERNATIONAL AIRPORT, IL US","2015-02-05","8.95","0.00","0.0","15.0","7"
"USW00094846","CHICAGO OHARE INTERNATIONAL AIRPORT, IL US","2015-02-06","8.50","0.00","0.0","14.2","17"
"USW00094846","CHICAGO OHARE INTERNATIONAL AIRPORT, IL US","2015-02-07","7.61","0.00","0.0","14.2","29"
"USW00094846","CHICAGO OHARE INTERNATIONAL AIRPORT, IL US","2015-02-08","9.84","0.01","0.0","9.1","36"
"USW00094846","CHICAGO OHARE INTERNATIONAL AIRPORT, IL US","2015-02-09","12.30","0.00","0.0","5.9","26"
"USW00094846","CHICAGO OHARE INTERNATIONAL AIRPORT, IL US","2015-02-10","7.83","0.00","0.0","5.9","25"
"USW00094846","CHICAGO OHARE INTERNATIONAL AIRPORT, IL US","2015-02-11","13.42","0.00","0.0","5.9","31"
"USW00094846","CHICAGO OHARE INTERNATIONAL AIRPORT, IL US","2015-02-12","12.97","0.00","0.0","5.9","16"
"USW00094846","CHICAGO OHARE INTERNATIONAL AIRPORT, IL US","2015-02-13","10.51","0.00","0.0","5.1","11"
"USW00094846","CHICAGO OHARE INTERNATIONAL AIRPORT, IL US","2015-02-14","19.46","0.00","0.2","5.1","19"
"USW00094846","CHICAGO OHARE INTERNATIONAL AIRPORT, IL US","2015-02-15","9.17","0.03","0.2","5.1","4"
"USW00094846","CHICAGO OHARE INTERNATIONAL AIRPORT, IL US","2015-02-16","4.92","0.00","0.0","5.1","12"
"USW00094846","CHICAGO OHARE INTERNATIONAL AIRPORT, IL US","2015-02-17","12.30","0.00","0.1","5.1","17"
"USW00094846","CHICAGO OHARE INTERNATIONAL AIRPORT, IL US","2015-02-18","15.21","0.00","0.0","5.1","7"
"USW00094846","CHICAGO OHARE INTERNATIONAL AIRPORT, IL US","2015-02-19","11.41","0.00","0.0","5.1","-2"
"USW00094846","CHICAGO OHARE INTERNATIONAL AIRPORT, IL US","2015-02-20","13.20","0.01","0.2","5.1","3"
"USW00094846","CHICAGO OHARE INTERNATIONAL AIRPORT, IL US","2015-02-21","4.25","0.00","0.0","5.1","22"
"USW00094846","CHICAGO OHARE INTERNATIONAL AIRPORT, IL US","2015-02-22","13.20","0.00","0.0","5.1","21"
"USW00094846","CHICAGO OHARE INTERNATIONAL AIRPORT, IL US","2015-02-23","9.84","0.00","0.0","5.1","4"
"USW00094846","CHICAGO OHARE INTERNATIONAL AIRPORT, IL US","2015-02-24","15.88","0.01","0.1","5.1","11"
"USW00094846","CHICAGO OHARE INTERNATIONAL AIRPORT, IL US","2015-02-25","7.83","0.17","2.0","5.1","21"
"USW00094846","CHICAGO OHARE INTERNATIONAL AIRPORT, IL US","2015-02-26","12.53","0.17","3.7","9.8","17"
"USW00094846","CHICAGO OHARE INTERNATIONAL AIRPORT, IL US","2015-02-27","8.28","0.00","0.0","9.8","6"
"USW00094846","CHICAGO OHARE INTERNATIONAL AIRPORT, IL US","2015-02-28","5.37","0.02","0.4","9.1","6"
"USW00094846","CHICAGO OHARE INTERNATIONAL AIRPORT, IL US","2015-03-01","6.93","0.00","0.0","9.1","18"
"USW00094846","CHICAGO OHARE INTERNATIONAL AIRPORT, IL US","2015-03-02","7.38","0.00","0.0","7.9","21"
"USW00094846","CHICAGO OHARE INTERNATIONAL AIRPORT, IL US","2015-03-03","13.42","0.13","0.7","9.1","28"
"USW00094846","CHICAGO OHARE INTERNATIONAL AIRPORT, IL US","2015-03-04","13.42","0.00","0.0","7.9","24"
"USW00094846","CHICAGO OHARE INTERNATIONAL AIRPORT, IL US","2015-03-05","9.62","0.00","0.0","7.1","12"
"USW00094846","CHICAGO OHARE INTERNATIONAL AIRPORT, IL US","2015-03-06","13.20","0.00","0.0","7.1","12"
"USW00094846","CHICAGO OHARE INTERNATIONAL AIRPORT, IL US","2015-03-07","10.51","0.00","0.0","7.1","32"
"USW00094846","CHICAGO OHARE INTERNATIONAL AIRPORT, IL US","2015-03-08","6.71","0.00","0.0","3.9","35"
"USW00094846","CHICAGO OHARE INTERNATIONAL AIRPORT, IL US","2015-03-09","6.26","0.00","0.0","3.9","37"
"USW00094846","CHICAGO OHARE INTERNATIONAL AIRPORT, IL US","2015-03-10","6.71","0.00","0.0","0.0","40"
"USW00094846","CHICAGO OHARE INTERNATIONAL AIRPORT, IL US","2015-03-11","6.26","0.00","0.0","0.0","42"
"USW00094846","CHICAGO OHARE INTERNATIONAL AIRPORT, IL US","2015-03-12","8.50","0.00","0.0","0.0","42"
"USW00094846","CHICAGO OHARE INTERNATIONAL AIRPORT, IL US","2015-03-13","5.82","0.00","0.0","0.0","47"
"USW00094846","CHICAGO OHARE INTERNATIONAL AIRPORT, IL US","2015-03-14","12.30","0.00","0.0","0.0","51"
"USW00094846","CHICAGO OHARE INTERNATIONAL AIRPORT, IL US","2015-03-15","10.29","0.00","0.0","0.0","45"
"USW00094846","CHICAGO OHARE INTERNATIONAL AIRPORT, IL US","2015-03-16","12.75","0.00","0.0","0.0","58"
"USW00094846","CHICAGO OHARE INTERNATIONAL AIRPORT, IL US","2015-03-17","14.09","0.00","0.0","0.0","45"
"USW00094846","CHICAGO OHARE INTERNATIONAL AIRPORT, IL US","2015-03-18","4.70","0.00","0.0","0.0","37"
"USW00094846","CHICAGO OHARE INTERNATIONAL AIRPORT, IL US","2015-03-19","7.83","0.00","0.0","0.0","42"
"USW00094846","CHICAGO OHARE INTERNATIONAL AIRPORT, IL US","2015-03-20","8.95","0.00","0.0","0.0","42"
"USW00094846","CHICAGO OHARE INTERNATIONAL AIRPORT, IL US","2015-03-21","10.29","0.00","0.0","0.0","42"
"USW00094846","CHICAGO OHARE INTERNATIONAL AIRPORT, IL US","2015-03-22","10.96","0.02","0.2","0.0","32"
"USW00094846","CHICAGO OHARE INTERNATIONAL AIRPORT, IL US","2015-03-23","10.74","0.61","5.6","2.0","29"
"USW00094846","CHICAGO OHARE INTERNATIONAL AIRPORT, IL US","2015-03-24","11.41","0.04","0.0","5.1","30"
"USW00094846","CHICAGO OHARE INTERNATIONAL AIRPORT, IL US","2015-03-25","11.18","0.25","0.0","2.0","37"
"USW00094846","CHICAGO OHARE INTERNATIONAL AIRPORT, IL US","2015-03-26","11.18","0.00","0.0","0.0","37"
"USW00094846","CHICAGO OHARE INTERNATIONAL AIRPORT, IL US","2015-03-27","11.86","0.04","0.6","1.2","29"
"USW00094846","CHICAGO OHARE INTERNATIONAL AIRPORT, IL US","2015-03-28","7.16","0.00","0.0","0.0","27"
"USW00094846","CHICAGO OHARE INTERNATIONAL AIRPORT, IL US","2015-03-29","15.21","0.01","0.0","0.0","32"
"USW00094846","CHICAGO OHARE INTERNATIONAL AIRPORT, IL US","2015-03-30","10.74","0.00","0.0","0.0","46"
"USW00094846","CHICAGO OHARE INTERNATIONAL AIRPORT, IL US","2015-03-31","8.50","0.00","0.0","0.0","49"
"USW00094846","CHICAGO OHARE INTERNATIONAL AIRPORT, IL US","2015-04-01","11.41","0.00","0.0","0.0","52"
"USW00094846","CHICAGO OHARE INTERNATIONAL AIRPORT, IL US","2015-04-02","11.18","0.36","0.0","0.0","58"
"USW00094846","CHICAGO OHARE INTERNATIONAL AIRPORT, IL US","2015-04-03","10.51","0.00","0.0","0.0","50"
"USW00094846","CHICAGO OHARE INTERNATIONAL AIRPORT, IL US","2015-04-04","11.41","0.00","0.0","0.0","40"
"USW00094846","CHICAGO OHARE INTERNATIONAL AIRPORT, IL US","2015-04-05","9.84","0.00","0.0","0.0","53"
"USW00094846","CHICAGO OHARE INTERNATIONAL AIRPORT, IL US","2015-04-06","6.71","0.04","0.0","0.0","45"
"USW00094846","CHICAGO OHARE INTERNATIONAL AIRPORT, IL US","2015-04-07","13.87","0.00","0.0","0.0","40"
"USW00094846","CHICAGO OHARE INTERNATIONAL AIRPORT, IL US","2015-04-08","8.95","0.05","0.0","0.0","44"
"USW00094846","CHICAGO OHARE INTERNATIONAL AIRPORT, IL US","2015-04-09","13.87","1.41","0.0","0.0","51"
"USW00094846","CHICAGO OHARE INTERNATIONAL AIRPORT, IL US","2015-04-10","17.22","0.00","0.0","0.0","53"
"USW00094846","CHICAGO OHARE INTERNATIONAL AIRPORT, IL US","2015-04-11","7.61","0.00","0.0","0.0","48"
"USW00094846","CHICAGO OHARE INTERNATIONAL AIRPORT, IL US","2015-04-12","10.74","0.00","0.0","0.0","55"
"USW00094846","CHICAGO OHARE INTERNATIONAL AIRPORT, IL US","2015-04-13","12.53","0.22","0.0","0.0","60"
"USW00094846","CHICAGO OHARE INTERNATIONAL AIRPORT, IL US","2015-04-14","4.92","0.00","0.0","0.0","56"
"USW00094846","CHICAGO OHARE INTERNATIONAL AIRPORT, IL US","2015-04-15","10.74","0.00","0.0","0.0","54"
"USW00094846","CHICAGO OHARE INTERNATIONAL AIRPORT, IL US","2015-04-16","6.49","0.00","0.0","0.0","53"
"USW00094846","CHICAGO OHARE INTERNATIONAL AIRPORT, IL US","2015-04-17","5.14","0.00","0.0","0.0","60"
"USW00094846","CHICAGO OHARE INTERNATIONAL AIRPORT, IL US","2015-04-18","10.29","0.00","0.0","0.0","60"
"USW00094846","CHICAGO OHARE INTERNATIONAL AIRPORT, IL US","2015-04-19","9.62","0.46","0.0","0.0","56"
"USW00094846","CHICAGO OHARE INTERNATIONAL AIRPORT, IL US","2015-04-20","16.11","0.01","0.0","0.0","49"
"USW00094846","CHICAGO OHARE INTERNATIONAL AIRPORT, IL US","2015-04-21","19.91","0.00","0.0","0.0","44"
"USW00094846","CHICAGO OHARE INTERNATIONAL AIRPORT, IL US","2015-04-22","13.42","0.00","0.0","0.0","40"
"USW00094846","CHICAGO OHARE INTERNATIONAL AIRPORT, IL US","2015-04-23","8.72","0.00","0.0","0.0","42"
"USW00094846","CHICAGO OHARE INTERNATIONAL AIRPORT, IL US","2015-04-24","6.71","0.16","0.0","0.0","44"
"USW00094846","CHICAGO OHARE INTERNATIONAL AIRPORT, IL US","2015-04-25","12.97","0.16","0.0","0.0","44"
"USW00094846","CHICAGO OHARE INTERNATIONAL AIRPORT, IL US","2015-04-26","10.96","0.00","0.0","0.0","45"
"USW00094846","CHICAGO OHARE INTERNATIONAL AIRPORT, IL US","2015-04-27","10.07","0.00","0.0","0.0","46"
"USW00094846","CHICAGO OHARE INTERNATIONAL AIRPORT, IL US","2015-04-28","4.92","0.00","0.0","0.0","46"
"USW00094846","CHICAGO OHARE INTERNATIONAL AIRPORT, IL US","2015-04-29","7.16","0.00","0.0","0.0","50"
"USW00094846","CHICAGO OHARE INTERNATIONAL AIRPORT, IL US","2015-04-30","11.41","0.00","0.0","0.0","46"
"USW00094846","CHICAGO OHARE INTERNATIONAL AIRPORT, IL US","2015-05-01","5.82","0.00","0.0","0.0","50"
"USW00094846","CHICAGO OHARE INTERNATIONAL AIRPORT, IL US","2015-05-02","6.71","0.00","0.0","0.0","62"
"USW00094846","CHICAGO OHARE INTERNATIONAL AIRPORT, IL US","2015-05-03","9.84","0.42","0.0","0.0","67"
"USW00094846","CHICAGO OHARE INTERNATIONAL AIRPORT, IL US","2015-05-04","8.50","0.00","0.0","0.0","65"
"USW00094846","CHICAGO OHARE INTERNATIONAL AIRPORT, IL US","2015-05-05","9.17","0.95","0.0","0.0","52"
"USW00094846","CHICAGO OHARE INTERNATIONAL AIRPORT, IL US","2015-05-06","5.82","0.00","0.0","0.0","56"
"USW00094846","CHICAGO OHARE INTERNATIONAL AIRPORT, IL US","2015-05-07","11.41","0.04","0.0","0.0","67"
"USW00094846","CHICAGO OHARE INTERNATIONAL AIRPORT, IL US","2015-05-08","8.50","0.75","0.0","0.0","71"
"USW00094846","CHICAGO OHARE INTERNATIONAL AIRPORT, IL US","2015-05-09","8.95","0.29","0.0","0.0","60"
"USW00094846","CHICAGO OHARE INTERNATIONAL AIRPORT, IL US","2015-05-10","9.40","0.14","0.0","0.0","49"
"USW00094846","CHICAGO OHARE INTERNATIONAL AIRPORT, IL US","2015-05-11","13.20","0.22","0.0","0.0","56"
"USW00094846","CHICAGO OHARE INTERNATIONAL AIRPORT, IL US","2015-05-12","16.78","0.00","0.0","0.0","52"
"USW00094846","CHICAGO OHARE INTERNATIONAL AIRPORT, IL US","2015-05-13","9.62","0.00","0.0","0.0","48"
"USW00094846","CHICAGO OHARE INTERNATIONAL AIRPORT, IL US","2015-05-14","10.51","0.24","0.0","0.0","52"
"USW00094846","CHICAGO OHARE INTERNATIONAL AIRPORT, IL US","2015-05-15","7.83","0.00","0.0","0.0","63"
"USW00094846","CHICAGO OHARE INTERNATIONAL AIRPORT, IL US","2015-05-16","7.83","0.03","0.0","0.0","69"
"USW00094846","CHICAGO OHARE INTERNATIONAL AIRPORT, IL US","2015-05-17","15.88","0.00","0.0","0.0","72"
"USW00094846","CHICAGO OHARE INTERNATIONAL AIRPORT, IL US","2015-05-18","15.43","0.00","0.0","0.0","72"
"USW00094846","CHICAGO OHARE INTERNATIONAL AIRPORT, IL US","2015-05-19","10.51","0.00","0.0","0.0","50"
"USW00094846","CHICAGO OHARE INTERNATIONAL AIRPORT, IL US","2015-05-20","8.28","0.04","0.0","0.0","44"
"USW00094846","CHICAGO OHARE INTERNATIONAL AIRPORT, IL US","2015-05-21","9.84","0.00","0.0","0.0","52"
"USW00094846","CHICAGO OHARE INTERNATIONAL AIRPORT, IL US","2015-05-22","8.50","0.00","0.0","0.0","59"
"USW00094846","CHICAGO OHARE INTERNATIONAL AIRPORT, IL US","2015-05-23","7.61","0.00","0.0","0.0","62"
"USW00094846","CHICAGO OHARE INTERNATIONAL AIRPORT, IL US","2015-05-24","7.38","0.36","0.0","0.0","66"
"USW00094846","CHICAGO OHARE INTERNATIONAL AIRPORT, IL US","2015-05-25","15.21","0.07","0.0","0.0","70"
"USW00094846","CHICAGO OHARE INTERNATIONAL AIRPORT, IL US","2015-05-26","12.75","0.50","0.0","0.0","71"
"USW00094846","CHICAGO OHARE INTERNATIONAL AIRPORT, IL US","2015-05-27","10.74","0.00","0.0","0.0","68"
"USW00094846","CHICAGO OHARE INTERNATIONAL AIRPORT, IL US","2015-05-28","6.04","0.00","0.0","0.0","69"
"USW00094846","CHICAGO OHARE INTERNATIONAL AIRPORT, IL US","2015-05-29","9.84","0.20","0.0","0.0","72"
"USW00094846","CHICAGO OHARE INTERNATIONAL AIRPORT, IL US","2015-05-30","14.32","0.41","0.0","0.0","64"
"USW00094846","CHICAGO OHARE INTERNATIONAL AIRPORT, IL US","2015-05-31","16.11","0.00","0.0","0.0","47"
"USW00094846","CHICAGO OHARE INTERNATIONAL AIRPORT, IL US","2015-06-01","9.40","0.00","0.0","0.0","51"
"USW00094846","CHICAGO OHARE INTERNATIONAL AIRPORT, IL US","2015-06-02","5.37","0.00","0.0","0.0","56"
"USW00094846","CHICAGO OHARE INTERNATIONAL AIRPORT, IL US","2015-06-03","6.93","0.00","0.0","0.0","62"
"USW00094846","CHICAGO OHARE INTERNATIONAL AIRPORT, IL US","2015-06-04","7.38","0.00","0.0","0.0","68"
"USW00094846","CHICAGO OHARE INTERNATIONAL AIRPORT, IL US","2015-06-05","14.76","0.00","0.0","0.0","65"
"USW00094846","CHICAGO OHARE INTERNATIONAL AIRPORT, IL US","2015-06-06","8.28","0.00","0.0","0.0","60"
"USW00094846","CHICAGO OHARE INTERNATIONAL AIRPORT, IL US","2015-06-07","12.08","0.36","0.0","0.0","66"
"USW00094846","CHICAGO OHARE INTERNATIONAL AIRPORT, IL US","2015-06-08","11.41","0.04","0.0","0.0","73"
"USW00094846","CHICAGO OHARE INTERNATIONAL AIRPORT, IL US","2015-06-09","8.72","0.00","0.0","0.0","70"
"USW00094846","CHICAGO OHARE INTERNATIONAL AIRPORT, IL US","2015-06-10","11.41","0.00","0.0","0.0","80"
"USW00094846","CHICAGO OHARE INTERNATIONAL AIRPORT, IL US","2015-06-11","8.28","0.27","0.0","0.0","69"
"USW00094846","CHICAGO OHARE INTERNATIONAL AIRPORT, IL US","2015-06-12","8.28","0.13","0.0","0.0","62"
"USW00094846","CHICAGO OHARE INTERNATIONAL AIRPORT, IL US","2015-06-13","6.71","0.40","0.0","0.0","66"
"USW00094846","CHICAGO OHARE INTERNATIONAL AIRPORT, IL US","2015-06-14","6.93","0.60","0.0","0.0","73"
"USW00094846","CHICAGO OHARE INTERNATIONAL AIRPORT, IL US","2015-06-15","5.59","2.56","0.0","0.0","75"
"USW00094846","CHICAGO OHARE INTERNATIONAL AIRPORT, IL US","2015-06-16","10.29","0.00","0.0","0.0","69"
"USW00094846","CHICAGO OHARE INTERNATIONAL AIRPORT, IL US","2015-06-17","4.70","0.14","0.0","0.0","61"
"USW00094846","CHICAGO OHARE INTERNATIONAL AIRPORT, IL US","2015-06-18","10.29","0.27","0.0","0.0","72"
"USW00094846","CHICAGO OHARE INTERNATIONAL AIRPORT, IL US","2015-06-19","10.29","0.00","0.0","0.0","61"
"USW00094846","CHICAGO OHARE INTERNATIONAL AIRPORT, IL US","2015-06-20","7.16","0.31","0.0","0.0","63"
"USW00094846","CHICAGO OHARE INTERNATIONAL AIRPORT, IL US","2015-06-21","8.28","0.00","0.0","0.0","74"
"USW00094846","CHICAGO OHARE INTERNATIONAL AIRPORT, IL US","2015-06-22","10.51","0.09","0.0","0.0","75"
"USW00094846","CHICAGO OHARE INTERNATIONAL AIRPORT, IL US","2015-06-23","9.84","0.00","0.0","0.0","75"
"USW00094846","CHICAGO OHARE INTERNATIONAL AIRPORT, IL US","2015-06-24","4.92","0.00","0.0","0.0","70"
"USW00094846","CHICAGO OHARE INTERNATIONAL AIRPORT, IL US","2015-06-25","7.16","1.01","0.0","0.0","71"
"USW00094846","CHICAGO OHARE INTERNATIONAL AIRPORT, IL US","2015-06-26","9.40","0.13","0.0","0.0","63"
"USW00094846","CHICAGO OHARE INTERNATIONAL AIRPORT, IL US","2015-06-27","8.95","0.00","0.0","0.0","64"
"USW00094846","CHICAGO OHARE INTERNATIONAL AIRPORT, IL US","2015-06-28","3.80","0.02","0.0","0.0","67"
"USW00094846","CHICAGO OHARE INTERNATIONAL AIRPORT, IL US","2015-06-29","4.03","0.62","0.0","0.0","68"
"USW00094846","CHICAGO OHARE INTERNATIONAL AIRPORT, IL US","2015-06-30","8.50","0.17","0.0","0.0","68"
"USW00094846","CHICAGO OHARE INTERNATIONAL AIRPORT, IL US","2015-07-01","7.38","0.00","0.0","0.0","61"
"USW00094846","CHICAGO OHARE INTERNATIONAL AIRPORT, IL US","2015-07-02","9.40","0.00","0.0","0.0","59"
"USW00094846","CHICAGO OHARE INTERNATIONAL AIRPORT, IL US","2015-07-03","4.47","0.00","0.0","0.0","64"
"USW00094846","CHICAGO OHARE INTERNATIONAL AIRPORT, IL US","2015-07-04","4.47","0.00","0.0","0.0","70"
"USW00094846","CHICAGO OHARE INTERNATIONAL AIRPORT, IL US","2015-07-05","5.14","0.00","0.0","0.0","72"
"USW00094846","CHICAGO OHARE INTERNATIONAL AIRPORT, IL US","2015-07-06","9.62","0.49","0.0","0.0","74"
"USW00094846","CHICAGO OHARE INTERNATIONAL AIRPORT, IL US","2015-07-07","14.32","0.27","0.0","0.0","67"
"USW00094846","CHICAGO OHARE INTERNATIONAL AIRPORT, IL US","2015-07-08","7.61","0.07","0.0","0.0","60"
"USW00094846","CHICAGO OHARE INTERNATIONAL AIRPORT, IL US","2015-07-09","7.16","0.00","0.0","0.0","64"
"USW00094846","CHICAGO OHARE INTERNATIONAL AIRPORT, IL US","2015-07-10","3.80","0.00","0.0","0.0","69"
"USW00094846","CHICAGO OHARE INTERNATIONAL AIRPORT, IL US","2015-07-11","5.14","0.03","0.0","0.0","70"
"USW00094846","CHICAGO OHARE INTERNATIONAL AIRPORT, IL US","2015-07-12","6.26","0.00","0.0","0.0","74"
"USW00094846","CHICAGO OHARE INTERNATIONAL AIRPORT, IL US","2015-07-13","9.62","0.42","0.0","0.0","76"
"USW00094846","CHICAGO OHARE INTERNATIONAL AIRPORT, IL US","2015-07-14","12.53","0.00","0.0","0.0","76"
"USW00094846","CHICAGO OHARE INTERNATIONAL AIRPORT, IL US","2015-07-15","8.50","0.00","0.0","0.0","66"
"USW00094846","CHICAGO OHARE INTERNATIONAL AIRPORT, IL US","2015-07-16","7.61","0.97","0.0","0.0","66"
"USW00094846","CHICAGO OHARE INTERNATIONAL AIRPORT, IL US","2015-07-17","8.05","0.06","0.0","0.0","77"
"USW00094846","CHICAGO OHARE INTERNATIONAL AIRPORT, IL US","2015-07-18","8.28","0.54","0.0","0.0","79"
"USW00094846","CHICAGO OHARE INTERNATIONAL AIRPORT, IL US","2015-07-19","8.28","0.00","0.0","0.0","79"
"USW00094846","CHICAGO OHARE INTERNATIONAL AIRPORT, IL US","2015-07-20","8.50","0.00","0.0","0.0","74"
"USW00094846","CHICAGO OHARE INTERNATIONAL AIRPORT, IL US","2015-07-21","8.50","0.00","0.0","0.0","75"
"USW00094846","CHICAGO OHARE INTERNATIONAL AIRPORT, IL US","2015-07-22","4.92","0.00","0.0","0.0","74"
"USW00094846","CHICAGO OHARE INTERNATIONAL AIRPORT, IL US","2015-07-23","4.03","0.00","0.0","0.0","74"
"USW00094846","CHICAGO OHARE INTERNATIONAL AIRPORT, IL US","2015-07-24","6.71","0.00","0.0","0.0","75"
"USW00094846","CHICAGO OHARE INTERNATIONAL AIRPORT, IL US","2015-07-25","7.83","0.00","0.0","0.0","80"
"USW00094846","CHICAGO OHARE INTERNATIONAL AIRPORT, IL US","2015-07-26","4.92","0.00","0.0","0.0","75"
"USW00094846","CHICAGO OHARE INTERNATIONAL AIRPORT, IL US","2015-07-27","8.50","0.00","0.0","0.0","77"
"USW00094846","CHICAGO OHARE INTERNATIONAL AIRPORT, IL US","2015-07-28","5.82","0.00","0.0","0.0","79"
"USW00094846","CHICAGO OHARE INTERNATIONAL AIRPORT, IL US","2015-07-29","10.96","0.00","0.0","0.0","81"
"USW00094846","CHICAGO OHARE INTERNATIONAL AIRPORT, IL US","2015-07-30","11.63","0.00","0.0","0.0","77"
"USW00094846","CHICAGO OHARE INTERNATIONAL AIRPORT, IL US","2015-07-31","12.30","0.00","0.0","0.0","78"
"USW00094846","CHICAGO OHARE INTERNATIONAL AIRPORT, IL US","2015-08-01","10.96","0.00","0.0","0.0","76"
"USW00094846","CHICAGO OHARE INTERNATIONAL AIRPORT, IL US","2015-08-02","13.87","0.53","0.0","0.0","80"
"USW00094846","CHICAGO OHARE INTERNATIONAL AIRPORT, IL US","2015-08-03","9.84","0.00","0.0","0.0","76"
"USW00094846","CHICAGO OHARE INTERNATIONAL AIRPORT, IL US","2015-08-04","7.61","0.00","0.0","0.0","72"
"USW00094846","CHICAGO OHARE INTERNATIONAL AIRPORT, IL US","2015-08-05","6.04","0.00","0.0","0.0","73"
"USW00094846","CHICAGO OHARE INTERNATIONAL AIRPORT, IL US","2015-08-06","7.16","0.00","0.0","0.0","73"
"USW00094846","CHICAGO OHARE INTERNATIONAL AIRPORT, IL US","2015-08-07","8.50","0.00","0.0","0.0","73"
"USW00094846","CHICAGO OHARE INTERNATIONAL AIRPORT, IL US","2015-08-08","7.16","0.00","0.0","0.0","75"
"USW00094846","CHICAGO OHARE INTERNATIONAL AIRPORT, IL US","2015-08-09","4.70","0.00","0.0","0.0","72"
"USW00094846","CHICAGO OHARE INTERNATIONAL AIRPORT, IL US","2015-08-10","6.04","0.02","0.0","0.0","75"
"USW00094846","CHICAGO OHARE INTERNATIONAL AIRPORT, IL US","2015-08-11","6.71","0.00","0.0","0.0","73"
"USW00094846","CHICAGO OHARE INTERNATIONAL AIRPORT, IL US","2015-08-12","4.92","0.00","0.0","0.0","71"
"USW00094846","CHICAGO OHARE INTERNATIONAL AIRPORT, IL US","2015-08-13","9.84","0.00","0.0","0.0","74"
"USW00094846","CHICAGO OHARE INTERNATIONAL AIRPORT, IL US","2015-08-14","9.84","0.21","0.0","0.0","78"
"USW00094846","CHICAGO OHARE INTERNATIONAL AIRPORT, IL US","2015-08-15","5.37","0.14","0.0","0.0","77"
"USW00094846","CHICAGO OHARE INTERNATIONAL AIRPORT, IL US","2015-08-16","6.71","0.00","0.0","0.0","79"
"USW00094846","CHICAGO OHARE INTERNATIONAL AIRPORT, IL US","2015-08-17","7.16","0.12","0.0","0.0","79"
"USW00094846","CHICAGO OHARE INTERNATIONAL AIRPORT, IL US","2015-08-18","8.72","0.40","0.0","0.0","74"
"USW00094846","CHICAGO OHARE INTERNATIONAL AIRPORT, IL US","2015-08-19","13.42","0.00","0.0","0.0","72"
"USW00094846","CHICAGO OHARE INTERNATIONAL AIRPORT, IL US","2015-08-20","13.87","0.00","0.0","0.0","65"
"USW00094846","CHICAGO OHARE INTERNATIONAL AIRPORT, IL US","2015-08-21","8.05","0.00","0.0","0.0","69"
"USW00094846","CHICAGO OHARE INTERNATIONAL AIRPORT, IL US","2015-08-22","10.51","0.00","0.0","0.0","72"
"USW00094846","CHICAGO OHARE INTERNATIONAL AIRPORT, IL US","2015-08-23","11.41","0.00","0.0","0.0","71"
"USW00094846","CHICAGO OHARE INTERNATIONAL AIRPORT, IL US","2015-08-24","14.09","0.00","0.0","0.0","65"
"USW00094846","CHICAGO OHARE INTERNATIONAL AIRPORT, IL US","2015-08-25","8.50","0.00","0.0","0.0","63"
"USW00094846","CHICAGO OHARE INTERNATIONAL AIRPORT, IL US","2015-08-26","6.26","0.00","0.0","0.0","62"
"USW00094846","CHICAGO OHARE INTERNATIONAL AIRPORT, IL US","2015-08-27","4.25","0.00","0.0","0.0","63"
"USW00094846","CHICAGO OHARE INTERNATIONAL AIRPORT, IL US","2015-08-28","5.14","0.00","0.0","0.0","65"
"USW00094846","CHICAGO OHARE INTERNATIONAL AIRPORT, IL US","2015-08-29","6.04","0.74","0.0","0.0","68"
"USW00094846","CHICAGO OHARE INTERNATIONAL AIRPORT, IL US","2015-08-30","4.03","0.00","0.0","0.0","68"
"USW00094846","CHICAGO OHARE INTERNATIONAL AIRPORT, IL US","2015-08-31","2.68","0.00","0.0","0.0","71"
"USW00094846","CHICAGO OHARE INTERNATIONAL AIRPORT, IL US","2015-09-01","6.71","0.00","0.0","0.0","78"
"USW00094846","CHICAGO OHARE INTERNATIONAL AIRPORT, IL US","2015-09-02","7.38","0.00","0.0","0.0","80"
"USW00094846","CHICAGO OHARE INTERNATIONAL AIRPORT, IL US","2015-09-03","8.95","0.00","0.0","0.0","81"
"USW00094846","CHICAGO OHARE INTERNATIONAL AIRPORT, IL US","2015-09-04","5.37","0.00","0.0","0.0","74"
"USW00094846","CHICAGO OHARE INTERNATIONAL AIRPORT, IL US","2015-09-05","7.16","0.00","0.0","0.0","75"
"USW00094846","CHICAGO OHARE INTERNATIONAL AIRPORT, IL US","2015-09-06","9.62","0.00","0.0","0.0","80"
"USW00094846","CHICAGO OHARE INTERNATIONAL AIRPORT, IL US","2015-09-07","6.71","0.00","0.0","0.0","81"
"USW00094846","CHICAGO OHARE INTERNATIONAL AIRPORT, IL US","2015-09-08","8.50","1.04","0.0","0.0","77"
"USW00094846","CHICAGO OHARE INTERNATIONAL AIRPORT, IL US","2015-09-09","6.26","0.00","0.0","0.0","70"
"USW00094846","CHICAGO OHARE INTERNATIONAL AIRPORT, IL US","2015-09-10","5.59","0.21","0.0","0.0","64"
"USW00094846","CHICAGO OHARE INTERNATIONAL AIRPORT, IL US","2015-09-11","10.74","0.17","0.0","0.0","62"
"USW00094846","CHICAGO OHARE INTERNATIONAL AIRPORT, IL US","2015-09-12","10.51","0.00","0.0","0.0","58"
"USW00094846","CHICAGO OHARE INTERNATIONAL AIRPORT, IL US","2015-09-13","7.38","0.00","0.0","0.0","58"
"USW00094846","CHICAGO OHARE INTERNATIONAL AIRPORT, IL US","2015-09-14","12.97","0.00","0.0","0.0","65"
"USW00094846","CHICAGO OHARE INTERNATIONAL AIRPORT, IL US","2015-09-15","11.41","0.00","0.0","0.0","73"
"USW00094846","CHICAGO OHARE INTERNATIONAL AIRPORT, IL US","2015-09-16","11.18","0.00","0.0","0.0","71"
"USW00094846","CHICAGO OHARE INTERNATIONAL AIRPORT, IL US","2015-09-17","11.41","0.36","0.0","0.0","72"
"USW00094846","CHICAGO OHARE INTERNATIONAL AIRPORT, IL US","2015-09-18","7.16","2.41","0.0","0.0","72"
"USW00094846","CHICAGO OHARE INTERNATIONAL AIRPORT, IL US","2015-09-19","9.84","0.05","0.0","0.0","65"
"USW00094846","CHICAGO OHARE INTERNATIONAL AIRPORT, IL US","2015-09-20","4.47","0.00","0.0","0.0","60"
"USW00094846","CHICAGO OHARE INTERNATIONAL AIRPORT, IL US","2015-09-21","5.14","0.00","0.0","0.0","62"
"USW00094846","CHICAGO OHARE INTERNATIONAL AIRPORT, IL US","2015-09-22","3.58","0.00","0.0","0.0","65"
"USW00094846","CHICAGO OHARE INTERNATIONAL AIRPORT, IL US","2015-09-23","4.25","0.00","0.0","0.0","68"
"USW00094846","CHICAGO OHARE INTERNATIONAL AIRPORT, IL US","2015-09-24","5.59","0.00","0.0","0.0","67"
"USW00094846","CHICAGO OHARE INTERNATIONAL AIRPORT, IL US","2015-09-25","8.72","0.00","0.0","0.0","65"
"USW00094846","CHICAGO OHARE INTERNATIONAL AIRPORT, IL US","2015-09-26","7.61","0.00","0.0","0.0","67"
"USW00094846","CHICAGO OHARE INTERNATIONAL AIRPORT, IL US","2015-09-27","7.16","0.00","0.0","0.0","67"
"USW00094846","CHICAGO OHARE INTERNATIONAL AIRPORT, IL US","2015-09-28","4.25","0.00","0.0","0.0","70"
"USW00094846","CHICAGO OHARE INTERNATIONAL AIRPORT, IL US","2015-09-29","14.54","0.40","0.0","0.0","64"
"USW00094846","CHICAGO OHARE INTERNATIONAL AIRPORT, IL US","2015-09-30","15.43","0.00","0.0","0.0","57"
"USW00094846","CHICAGO OHARE INTERNATIONAL AIRPORT, IL US","2015-10-01","18.12","0.00","0.0","0.0","55"
"USW00094846","CHICAGO OHARE INTERNATIONAL AIRPORT, IL US","2015-10-02","19.01","0.00","0.0","0.0","55"
"USW00094846","CHICAGO OHARE INTERNATIONAL AIRPORT, IL US","2015-10-03","17.00","0.01","0.0","0.0","52"
"USW00094846","CHICAGO OHARE INTERNATIONAL AIRPORT, IL US","2015-10-04","11.41","0.00","0.0","0.0","52"
"USW00094846","CHICAGO OHARE INTERNATIONAL AIRPORT, IL US","2015-10-05","6.93","0.00","0.0","0.0","57"
"USW00094846","CHICAGO OHARE INTERNATIONAL AIRPORT, IL US","2015-10-06","4.92","0.00","0.0","0.0","60"
"USW00094846","CHICAGO OHARE INTERNATIONAL AIRPORT, IL US","2015-10-07","7.38","0.00","0.0","0.0","62"
"USW00094846","CHICAGO OHARE INTERNATIONAL AIRPORT, IL US","2015-10-08","8.28","0.05","0.0","0.0","62"
"USW00094846","CHICAGO OHARE INTERNATIONAL AIRPORT, IL US","2015-10-09","10.51","0.00","0.0","0.0","60"
"USW00094846","CHICAGO OHARE INTERNATIONAL AIRPORT, IL US","2015-10-10","5.82","0.00","0.0","0.0","53"
"USW00094846","CHICAGO OHARE INTERNATIONAL AIRPORT, IL US","2015-10-11","12.75","0.00","0.0","0.0","62"
"USW00094846","CHICAGO OHARE INTERNATIONAL AIRPORT, IL US","2015-10-12","15.43","0.00","0.0","0.0","67"
"USW00094846","CHICAGO OHARE INTERNATIONAL AIRPORT, IL US","2015-10-13","11.63","0.00","0.0","0.0","56"
"USW00094846","CHICAGO OHARE INTERNATIONAL AIRPORT, IL US","2015-10-14","8.05","0.00","0.0","0.0","52"
"USW00094846","CHICAGO OHARE INTERNATIONAL AIRPORT, IL US","2015-10-15","11.18","0.00","0.0","0.0","55"
"USW00094846","CHICAGO OHARE INTERNATIONAL AIRPORT, IL US","2015-10-16","11.18","0.00","0.0","0.0","49"
"USW00094846","CHICAGO OHARE INTERNATIONAL AIRPORT, IL US","2015-10-17","9.17","0.00","0.0","0.0","42"
"USW00094846","CHICAGO OHARE INTERNATIONAL AIRPORT, IL US","2015-10-18","5.82","0.00","0.0","0.0","45"
"USW00094846","CHICAGO OHARE INTERNATIONAL AIRPORT, IL US","2015-10-19","18.79","0.00","0.0","0.0","55"
"USW00094846","CHICAGO OHARE INTERNATIONAL AIRPORT, IL US","2015-10-20","10.07","0.11","0.0","0.0","64"
"USW00094846","CHICAGO OHARE INTERNATIONAL AIRPORT, IL US","2015-10-21","10.74","0.01","0.0","0.0","63"
"USW00094846","CHICAGO OHARE INTERNATIONAL AIRPORT, IL US","2015-10-22","7.16","0.00","0.0","0.0","60"
"USW00094846","CHICAGO OHARE INTERNATIONAL AIRPORT, IL US","2015-10-23","11.63","0.16","0.0","0.0","55"
"USW00094846","CHICAGO OHARE INTERNATIONAL AIRPORT, IL US","2015-10-24","14.32","0.30","0.0","0.0","62"
"USW00094846","CHICAGO OHARE INTERNATIONAL AIRPORT, IL US","2015-10-25","4.03","0.00","0.0","0.0","51"
"USW00094846","CHICAGO OHARE INTERNATIONAL AIRPORT, IL US","2015-10-26","5.82","0.00","0.0","0.0","49"
"USW00094846","CHICAGO OHARE INTERNATIONAL AIRPORT, IL US","2015-10-27","13.42","0.49","0.0","0.0","53"
"USW00094846","CHICAGO OHARE INTERNATIONAL AIRPORT, IL US","2015-10-28","14.99","0.33","0.0","0.0","53"
"USW00094846","CHICAGO OHARE INTERNATIONAL AIRPORT, IL US","2015-10-29","15.43","0.00","0.0","0.0","41"
"USW00094846","CHICAGO OHARE INTERNATIONAL AIRPORT, IL US","2015-10-30","6.71","0.00","0.0","0.0","45"
"USW00094846","CHICAGO OHARE INTERNATIONAL AIRPORT, IL US","2015-10-31","11.41","0.77","0.0","0.0","47"
"USW00094846","CHICAGO OHARE INTERNATIONAL AIRPORT, IL US","2015-11-01","10.29","0.00","0.0","0.0","53"
"USW00094846","CHICAGO OHARE INTERNATIONAL AIRPORT, IL US","2015-11-02","10.51","0.00","0.0","0.0","58"
"USW00094846","CHICAGO OHARE INTERNATIONAL AIRPORT, IL US","2015-11-03","6.26","0.00","0.0","0.0","58"
"USW00094846","CHICAGO OHARE INTERNATIONAL AIRPORT, IL US","2015-11-04","8.28","0.00","0.0","0.0","58"
"USW00094846","CHICAGO OHARE INTERNATIONAL AIRPORT, IL US","2015-11-05","16.11","0.00","0.0","0.0","64"
"USW00094846","CHICAGO OHARE INTERNATIONAL AIRPORT, IL US","2015-11-06","14.76","0.16","0.0","0.0","56"
"USW00094846","CHICAGO OHARE INTERNATIONAL AIRPORT, IL US","2015-11-07","9.62","0.00","0.0","0.0","44"
"USW00094846","CHICAGO OHARE INTERNATIONAL AIRPORT, IL US","2015-11-08","4.25","0.00","0.0","0.0","41"
"USW00094846","CHICAGO OHARE INTERNATIONAL AIRPORT, IL US","2015-11-09","2.24","0.00","0.0","0.0","42"
"USW00094846","CHICAGO OHARE INTERNATIONAL AIRPORT, IL US","2015-11-10","3.80","0.00","0.0","0.0","45"
"USW00094846","CHICAGO OHARE INTERNATIONAL AIRPORT, IL US","2015-11-11","14.32","0.42","0.0","0.0","48"
"USW00094846","CHICAGO OHARE INTERNATIONAL AIRPORT, IL US","2015-11-12","23.49","0.00","0.0","0.0","48"
"USW00094846","CHICAGO OHARE INTERNATIONAL AIRPORT, IL US","2015-11-13","15.21","0.00","0.0","0.0","42"
"USW00094846","CHICAGO OHARE INTERNATIONAL AIRPORT, IL US","2015-11-14","8.50","0.00","0.0","0.0","39"
"USW00094846","CHICAGO OHARE INTERNATIONAL AIRPORT, IL US","2015-11-15","10.29","0.00","0.0","0.0","53"
"USW00094846","CHICAGO OHARE INTERNATIONAL AIRPORT, IL US","2015-11-16","12.08","0.12","0.0","0.0","52"
"USW00094846","CHICAGO OHARE INTERNATIONAL AIRPORT, IL US","2015-11-17","17.67","0.63","0.0","0.0","51"
"USW00094846","CHICAGO OHARE INTERNATIONAL AIRPORT, IL US","2015-11-18","20.80","0.20","0.0","0.0","58"
"USW00094846","CHICAGO OHARE INTERNATIONAL AIRPORT, IL US","2015-11-19","18.79","0.00","0.0","0.0","45"
"USW00094846","CHICAGO OHARE INTERNATIONAL AIRPORT, IL US","2015-11-20","8.50","0.28","4.2","0.0","36"
"USW00094846","CHICAGO OHARE INTERNATIONAL AIRPORT, IL US","2015-11-21","12.08","1.16","7.0","5.1","32"
"USW00094846","CHICAGO OHARE INTERNATIONAL AIRPORT, IL US","2015-11-22","8.95","0.00","0.0","7.1","19"
"USW00094846","CHICAGO OHARE INTERNATIONAL AIRPORT, IL US","2015-11-23","9.17","0.00","0.0","7.1","28"
"USW00094846","CHICAGO OHARE INTERNATIONAL AIRPORT, IL US","2015-11-24","6.71","0.00","0.0","5.1","32"
"USW00094846","CHICAGO OHARE INTERNATIONAL AIRPORT, IL US","2015-11-25","14.99","0.00","0.0","3.9","38"
"USW00094846","CHICAGO OHARE INTERNATIONAL AIRPORT, IL US","2015-11-26","15.66","0.42","0.0","0.0","52"
"USW00094846","CHICAGO OHARE INTERNATIONAL AIRPORT, IL US","2015-11-27","15.66","0.84","0.0","0.0","45"
"USW00094846","CHICAGO OHARE INTERNATIONAL AIRPORT, IL US","2015-11-28","10.07","0.00","0.0","0.0","35"
"USW00094846","CHICAGO OHARE INTERNATIONAL AIRPORT, IL US","2015-11-29","7.61","0.00","0.0","0.0","33"
"USW00094846","CHICAGO OHARE INTERNATIONAL AIRPORT, IL US","2015-11-30","10.74","0.26","0.0","0.0","40"
"USW00094846","CHICAGO OHARE INTERNATIONAL AIRPORT, IL US","2015-12-01","10.51","0.18","0.0","0.0","42"
"USW00094846","CHICAGO OHARE INTERNATIONAL AIRPORT, IL US","2015-12-02","8.50","0.21","1.3","0.0","35"
"USW00094846","CHICAGO OHARE INTERNATIONAL AIRPORT, IL US","2015-12-03","10.74","0.00","0.0","0.0","33"
"USW00094846","CHICAGO OHARE INTERNATIONAL AIRPORT, IL US","2015-12-04","8.50","0.00","0.0","0.0","37"
"USW00094846","CHICAGO OHARE INTERNATIONAL AIRPORT, IL US","2015-12-05","7.83","0.00","0.0","0.0","36"
"USW00094846","CHICAGO OHARE INTERNATIONAL AIRPORT, IL US","2015-12-06","5.14","0.00","0.0","0.0","36"
"USW00094846","CHICAGO OHARE INTERNATIONAL AIRPORT, IL US","2015-12-07","6.93","0.00","0.0","0.0","34"
"USW00094846","CHICAGO OHARE INTERNATIONAL AIRPORT, IL US","2015-12-08","10.96","0.00","0.0","0.0","40"
"USW00094846","CHICAGO OHARE INTERNATIONAL AIRPORT, IL US","2015-12-09","8.28","0.00","0.0","0.0","46"
"USW00094846","CHICAGO OHARE INTERNATIONAL AIRPORT, IL US","2015-12-10","17.00","0.00","0.0","0.0","48"
"USW00094846","CHICAGO OHARE INTERNATIONAL AIRPORT, IL US","2015-12-11","7.61","0.00","0.0","0.0","46"
"USW00094846","CHICAGO OHARE INTERNATIONAL AIRPORT, IL US","2015-12-12","3.36","0.00","0.0","0.0","50"
"USW00094846","CHICAGO OHARE INTERNATIONAL AIRPORT, IL US","2015-12-13","13.65","0.85","0.0","0.0","55"
"USW00094846","CHICAGO OHARE INTERNATIONAL AIRPORT, IL US","2015-12-14","15.88","0.39","0.0","0.0","55"
"USW00094846","CHICAGO OHARE INTERNATIONAL AIRPORT, IL US","2015-12-15","9.84","0.00","0.0","0.0","41"
"USW00094846","CHICAGO OHARE INTERNATIONAL AIRPORT, IL US","2015-12-16","16.33","0.12","0.0","0.0","43"
"USW00094846","CHICAGO OHARE INTERNATIONAL AIRPORT, IL US","2015-12-17","14.32","0.00","0.0","0.0","33"
"USW00094846","CHICAGO OHARE INTERNATIONAL AIRPORT, IL US","2015-12-18","13.20","0.00","0.2","0.0","28"
"USW00094846","CHICAGO OHARE INTERNATIONAL AIRPORT, IL US","2015-12-19","11.41","0.00","0.0","0.0","23"
"USW00094846","CHICAGO OHARE INTERNATIONAL AIRPORT, IL US","2015-12-20","16.33","0.03","0.0","0.0","34"
"USW00094846","CHICAGO OHARE INTERNATIONAL AIRPORT, IL US","2015-12-21","11.63","0.67","0.0","0.0","46"
"USW00094846","CHICAGO OHARE INTERNATIONAL AIRPORT, IL US","2015-12-22","8.95","0.02","0.0","0.0","39"
"USW00094846","CHICAGO OHARE INTERNATIONAL AIRPORT, IL US","2015-12-23","17.22","0.49","0.0","0.0","47"
"USW00094846","CHICAGO OHARE INTERNATIONAL AIRPORT, IL US","2015-12-24","11.63","0.00","0.0","0.0","42"
"USW00094846","CHICAGO OHARE INTERNATIONAL AIRPORT, IL US","2015-12-25","8.05","0.00","0.0","0.0","38"
"USW00094846","CHICAGO OHARE INTERNATIONAL AIRPORT, IL US","2015-12-26","10.07","0.21","0.0","0.0","39"
"USW00094846","CHICAGO OHARE INTERNATIONAL AIRPORT, IL US","2015-12-27","17.22","0.14","0.0","0.0","38"
"USW00094846","CHICAGO OHARE INTERNATIONAL AIRPORT, IL US","2015-12-28","19.01","1.47","1.9","0.0","33"
"USW00094846","CHICAGO OHARE INTERNATIONAL AIRPORT, IL US","2015-12-29","11.41","0.00","0.0","1.2","33"
"USW00094846","CHICAGO OHARE INTERNATIONAL AIRPORT, IL US","2015-12-30","8.72","0.09","1.1","1.2","29"
"USW00094846","CHICAGO OHARE INTERNATIONAL AIRPORT, IL US","2015-12-31","13.42","0.00","0.0","1.0","26"
"USW00094846","CHICAGO OHARE INTERNATIONAL AIRPORT, IL US","2016-01-01","14.32","0.00","0.0","1.0","23"
